Name,Age,Salary,Gender,Department,Position,Joining Date,Performance Score,Email,Phone Number
Alice Mcintyre,25,50000,Male,HR,Manager,4/5/2018,D,alice mcintyre409@example.com,333-987-7804
 Jennifer Carlson,36,65000,Female,Finance,Director,2/20/2020,F, jennifer carlson707@example.com,811-483-3321
 Reginald Martin,35,60000,Female,Sales,Director,1/15/2020,C,,
 Michael Brown,36,50000,Female,IT,Manager,4/5/2018,A,,860-453-7960
 Shawn Harris,36,60260,Female,Finance,Manager,1/15/2020,F,,323-242-6358
 Ellen Reyes,36,65000,Other,Marketing,Director,3/25/2019,F,,
 William Hodges,36,50000,Male,Marketing,Clerk,12/1/2019,B,,203-623-2343
 Sara Adams,40,50000,Other,HR,Director,3/25/2019,C, sara adams876@example.com,763-805-0936
 Joshua Sandoval,40,60000,Female,Marketing,Manager,1/15/2020,C, joshua sandoval328@example.com,895-976-6452
 Earl Turner,30,60260,Other,Finance,Assistant,2/20/2020,A, earl turner639@example.com,
 Michael Berg,25,70000,Male,Marketing,Analyst,12/1/2019,B,,
 Danielle Elliott,36,70000,Other,Finance,Assistant,3/25/2019,A, danielle elliott654@example.com,187-906-5504
 David Smith,30,50000,Male,IT,Assistant,4/5/2018,D, david smith626@example.com,181-157-9441
 Sean Solis,25,55000,Other,HR,Manager,2/20/2020,F, sean solis484@example.com,
 Michael Harris,50,60260,Male,Marketing,Director,3/25/2019,A, michael harris722@example.com,141-299-4596
 Robert Powell,35,65000,Male,Finance,Clerk,4/5/2018,F,,422-691-7545
 Nathaniel Lowe,40,55000,Female,Sales,Assistant,1/15/2020,B, nathaniel lowe440@example.com,951-241-8278
 Dr. Corey Jones,50,55000,Male,HR,Director,4/5/2018,D, dr. corey jones936@example.com,675-971-5134
 Veronica Webster,25,60260,Female,IT,Clerk,3/25/2019,B, veronica webster529@example.com,505-111-2336
 Ruth Smith,50,50000,Female,Finance,Assistant,3/25/2019,D, ruth smith143@example.com,643-292-9171
 Teresa Dominguez,35,50000,Female,IT,Clerk,1/15/2020,D, teresa dominguez896@example.com,509-164-4682
 Danny Andrews,25,50000,Other,IT,Director,4/5/2018,F, danny andrews412@example.com,965-170-9292
 Angela Clark,50,50000,Other,Marketing,Analyst,4/5/2018,B, angela clark822@example.com,160-731-3620
 Amanda Serrano,40,70000,Other,Marketing,Director,1/15/2020,B, amanda serrano859@example.com,813-253-6238
 James Lee,40,50000,Other,Finance,Manager,4/5/2018,A, james lee685@example.com,512-017-2637
 Jennifer Douglas,30,70000,Male,Sales,Clerk,1/15/2020,B,,492-515-6235
 Douglas Holt,50,70000,Male,Finance,Analyst,2/20/2020,A,,970-391-9266
 John Lin,36,50000,Other,Sales,Clerk,3/25/2019,C,,953-297-3908
 Amanda Gardner,50,60000,Male,IT,Clerk,2/20/2020,C,,
 Katherine Pace,25,65000,Male,HR,Assistant,12/1/2019,C,,192-769-8934
 Laura Cantrell,25,55000,Female,Finance,Manager,12/1/2019,B, laura cantrell286@example.com,988-024-2044
 Gabriella Williams,50,70000,Female,Finance,Clerk,12/1/2019,B, gabriella williams504@example.com,
 Samuel Joseph,35,60260,Female,Sales,Director,1/15/2020,A, samuel joseph450@example.com,868-276-8140
 Sara Watson,40,60260,Female,IT,Director,4/5/2018,D, sara watson713@example.com,430-739-0996
 John Miller,25,65000,Male,IT,Assistant,2/20/2020,A, john miller753@example.com,723-794-2223
 Michael Stevens,40,60260,Other,Sales,Manager,2/20/2020,C, michael stevens637@example.com,483-795-5161
 Elizabeth Johnson,25,60000,Male,IT,Manager,2/20/2020,A, elizabeth johnson128@example.com,532-623-3782
 Tiffany Leach,30,60260,Male,Marketing,Director,2/20/2020,D, tiffany leach826@example.com,880-275-3068
 Joseph Cook,36,55000,Male,HR,Analyst,12/1/2019,B, joseph cook690@example.com,
 Melanie Carter,25,55000,Female,Finance,Assistant,2/20/2020,A, melanie carter672@example.com,280-256-4260
 Kristen Cordova,40,70000,Female,HR,Assistant,4/5/2018,C, kristen cordova444@example.com,
 Lisa Parker,30,50000,Female,Finance,Director,12/1/2019,C, lisa parker146@example.com,
 Natalie Mathis,25,60000,Other,Marketing,Director,2/20/2020,B,,249-669-3494
 Ashley Garrett,35,70000,Male,IT,Analyst,1/15/2020,A, ashley garrett472@example.com,960-004-4834
 Cheryl Turner,36,60000,Other,Sales,Analyst,3/25/2019,D, cheryl turner608@example.com,889-842-3901
 Nathan White,25,50000,Female,Marketing,Manager,3/25/2019,B, nathan white299@example.com,326-252-1512
 Mr. George Smith,30,60260,Other,HR,Assistant,3/25/2019,A,,370-119-5788
 Valerie Price,35,60260,Male,Sales,Assistant,12/1/2019,F, valerie price361@example.com,484-509-7043
 Amber Taylor,50,50000,Male,IT,Director,2/20/2020,C,,761-513-9214
 Susan Bates,30,70000,Female,Marketing,Manager,12/1/2019,D, susan bates796@example.com,149-393-6447
 Jennifer Wilkinson,30,50000,Female,Sales,Assistant,4/5/2018,D, jennifer wilkinson559@example.com,375-456-0584
 Darin Morgan,35,65000,Other,Marketing,Manager,1/15/2020,D, darin morgan342@example.com,109-393-6217
 Ashley Dunn,30,55000,Female,Marketing,Manager,1/15/2020,C, ashley dunn531@example.com,331-584-4348
 Tanya Ochoa,35,70000,Female,IT,Director,3/25/2019,A, tanya ochoa568@example.com,593-922-4664
 Jimmy Mullins,25,60000,Male,Finance,Manager,3/25/2019,B,,488-889-9197
 Robert Carter,35,65000,Female,Sales,Analyst,3/25/2019,A, robert carter199@example.com,
 Kimberly Harris,35,70000,Female,IT,Analyst,2/20/2020,B, kimberly harris366@example.com,
 Ann Cooper,36,50000,Male,Marketing,Clerk,4/5/2018,D, ann cooper526@example.com,637-679-0700
 Lori Monroe,35,50000,Male,IT,Director,4/5/2018,A, lori monroe457@example.com,392-298-6202
 Bryan Avery,35,50000,Other,Finance,Clerk,4/5/2018,D, bryan avery174@example.com,227-670-7471
 Julie Garrett,50,50000,Female,Sales,Analyst,4/5/2018,F, julie garrett452@example.com,930-313-8256
 Robert Hensley,25,60000,Male,Finance,Clerk,3/25/2019,D, robert hensley297@example.com,677-996-8524
 Allen White,36,65000,Other,HR,Director,1/15/2020,D, allen white649@example.com,309-288-0291
 Lee Chandler DDS,50,60260,Other,Sales,Director,3/25/2019,B, lee chandler dds641@example.com,689-747-4009
 Zachary Bernard,40,55000,Female,Finance,Manager,4/5/2018,F, zachary bernard704@example.com,393-667-9900
 Lisa Elliott,25,60000,Female,Marketing,Assistant,3/25/2019,D, lisa elliott480@example.com,813-231-6848
 Jessica Stewart,25,60000,Other,Sales,Manager,4/5/2018,D, jessica stewart829@example.com,726-154-0689
 Eric Solis,40,60260,Male,Sales,Director,12/1/2019,F, eric solis696@example.com,829-367-6005
 Ryan Vega,35,60260,Other,IT,Analyst,1/15/2020,F, ryan vega849@example.com,514-593-6480
 Marilyn Murray,50,55000,Female,Marketing,Analyst,12/1/2019,A, marilyn murray219@example.com,608-369-5387
 Maria Wilson,30,55000,Male,HR,Manager,2/20/2020,B, maria wilson823@example.com,268-734-7976
 Jacqueline Morales,36,60260,Male,Finance,Director,3/25/2019,F,,213-863-8617
 Stephanie Le,30,50000,Other,IT,Analyst,2/20/2020,F,,116-606-9338
 Carol Jackson,40,60000,Female,Finance,Director,3/25/2019,C,,
 Cynthia Gonzalez,25,70000,Other,HR,Analyst,12/1/2019,F,,
 Jamie Page,25,55000,Other,HR,Director,4/5/2018,B,,863-979-0481
 Caroline Burton,36,55000,Other,Sales,Clerk,4/5/2018,D,,112-809-8854
 Nathan Garcia,25,60260,Male,HR,Director,3/25/2019,D,,641-121-7312
 Jennifer Flores,25,65000,Male,Finance,Director,4/5/2018,D,,714-255-2663
 Cynthia Underwood,36,70000,Female,Marketing,Manager,12/1/2019,D,,236-010-0866
 Tricia Russell,50,70000,Female,Marketing,Clerk,4/5/2018,C, tricia russell939@example.com,634-521-4366
 Bobby Conrad,50,55000,Other,Sales,Assistant,12/1/2019,F, bobby conrad751@example.com,961-673-2099
 Crystal Butler,36,50000,Other,Finance,Manager,2/20/2020,D, crystal butler614@example.com,144-311-3945
 Michael Coleman,40,65000,Other,Finance,Assistant,12/1/2019,A, michael coleman782@example.com,971-159-6797
 Melanie Dougherty,25,70000,Female,HR,Analyst,1/15/2020,D, melanie dougherty288@example.com,494-469-1041
 Melanie Mccarthy,25,55000,Male,Finance,Assistant,1/15/2020,F, melanie mccarthy459@example.com,934-190-4372
 Michael Fowler,40,70000,Male,IT,Director,1/15/2020,D, michael fowler895@example.com,687-521-0211
 Nicole Lopez,50,65000,Other,HR,Assistant,3/25/2019,C, nicole lopez250@example.com,624-167-5379
 James Flores,35,65000,Other,IT,Manager,3/25/2019,B, james flores712@example.com,703-918-8987
 Jennifer Lloyd,35,60000,Other,Sales,Manager,3/25/2019,B, jennifer lloyd754@example.com,902-068-3126
 Megan Whitehead,35,60260,Other,Marketing,Assistant,12/1/2019,F, megan whitehead225@example.com,525-325-7047
 Scott Simmons,50,60260,Female,Sales,Manager,3/25/2019,B, scott simmons238@example.com,979-917-3326
 Christine Guerrero,50,55000,Male,Marketing,Manager,2/20/2020,B, christine guerrero778@example.com,846-872-7722
 Lisa Jackson,40,65000,Other,Sales,Assistant,1/15/2020,A, lisa jackson607@example.com,435-489-1841
 Kristine Smith,25,60000,Female,Finance,Clerk,12/1/2019,F, kristine smith952@example.com,922-734-6986
 Howard Garner,40,60000,Other,IT,Clerk,1/15/2020,F, howard garner689@example.com,862-420-4821
 Douglas Jackson,40,70000,Other,Marketing,Analyst,3/25/2019,B, douglas jackson803@example.com,968-694-7375
 Justin Payne,50,70000,Male,HR,Manager,12/1/2019,B, justin payne591@example.com,459-182-2906
 Melissa Pineda,35,60000,Other,IT,Assistant,4/5/2018,B, melissa pineda650@example.com,258-946-3484
 Brittany Chen,30,70000,Male,HR,Manager,2/20/2020,C,,198-332-1879
 Paul Luna,25,65000,Male,IT,Director,3/25/2019,D, paul luna536@example.com,413-637-1415
 Steven Gray,50,50000,Male,IT,Manager,3/25/2019,C,,794-710-9410
 Taylor Bright,35,65000,Female,Sales,Manager,2/20/2020,F, taylor bright890@example.com,614-147-3480
 Sheila Li,30,60000,Female,Marketing,Clerk,2/20/2020,A, sheila li762@example.com,209-529-8597
 Lauren Nelson,30,60000,Male,Marketing,Assistant,4/5/2018,D,,589-508-0524
 Kenneth Gamble,50,65000,Other,IT,Manager,3/25/2019,A, kenneth gamble924@example.com,277-753-5080
 Anna Collier,36,70000,Male,Finance,Clerk,3/25/2019,F, anna collier896@example.com,996-920-9264
 Elizabeth Harper,25,70000,Other,Finance,Analyst,1/15/2020,F,,511-301-2662
 Andrea Ward,30,60260,Male,HR,Clerk,12/1/2019,A, andrea ward585@example.com,476-278-0793
 Kaitlyn Kelley,50,60000,Other,HR,Clerk,12/1/2019,A, kaitlyn kelley151@example.com,
 Herbert Gibson,50,55000,Female,Sales,Clerk,1/15/2020,A, herbert gibson426@example.com,
 Kenneth Russell,35,60260,Other,IT,Manager,12/1/2019,F, kenneth russell887@example.com,118-040-8222
 Cindy Hughes,36,70000,Male,HR,Manager,2/20/2020,B, cindy hughes873@example.com,
 Gerald Malone,25,65000,Female,HR,Analyst,12/1/2019,A, gerald malone407@example.com,501-589-7383
 Don Benson,40,70000,Other,IT,Director,12/1/2019,D, don benson322@example.com,867-973-5339
 Kimberly Ortiz,35,65000,Other,Sales,Director,1/15/2020,F, kimberly ortiz456@example.com,
 Christopher Martin,30,60260,Other,HR,Director,4/5/2018,C, christopher martin776@example.com,
 Tammy Francis,30,60000,Other,Sales,Analyst,12/1/2019,C, tammy francis878@example.com,582-799-5659
 Mr. Travis King MD,35,70000,Other,Marketing,Director,12/1/2019,D, mr. travis king md137@example.com,867-363-9133
 Marc Caldwell,50,65000,Female,Sales,Director,4/5/2018,B, marc caldwell392@example.com,233-874-9567
 Ms. Hannah Bowen DDS,30,60000,Female,Finance,Clerk,1/15/2020,A, ms. hannah bowen dds405@example.com,538-943-7565
 Kevin Campos,36,55000,Female,Finance,Manager,4/5/2018,F, kevin campos795@example.com,384-549-5860
 Paula Castro,25,65000,Female,Sales,Manager,1/15/2020,A, paula castro653@example.com,115-360-2330
 Bonnie Escobar,36,60260,Male,Finance,Clerk,2/20/2020,F, bonnie escobar421@example.com,103-501-7565
 Leah Hernandez,30,55000,Female,Marketing,Clerk,1/15/2020,C, leah hernandez589@example.com,140-268-6451
 Jordan Gonzalez,40,55000,Other,IT,Clerk,2/20/2020,A, jordan gonzalez824@example.com,736-679-2146
 Sarah Blackwell,25,50000,Other,Finance,Manager,2/20/2020,D, sarah blackwell167@example.com,791-895-3078
 Kathryn Mcmillan,25,70000,Female,Finance,Director,1/15/2020,B, kathryn mcmillan517@example.com,693-606-6186
 Joseph Miles,35,65000,Other,Sales,Clerk,3/25/2019,D, joseph miles583@example.com,703-868-1259
 Jacqueline Vasquez,35,55000,Female,Marketing,Analyst,1/15/2020,B, jacqueline vasquez492@example.com,837-080-8114
 Jose Roberts,40,50000,Other,IT,Clerk,12/1/2019,A, jose roberts528@example.com,171-306-2731
 Keith Johnson,50,60260,Male,Sales,Assistant,12/1/2019,A, keith johnson467@example.com,
 Julie Castillo,25,60000,Male,Sales,Clerk,3/25/2019,B, julie castillo500@example.com,
 Robert Price,40,65000,Female,Marketing,Manager,2/20/2020,C,,914-947-0322
 Annette Smith,35,55000,Female,IT,Clerk,3/25/2019,F,,832-419-6684
 Ashley Molina,35,70000,Female,Marketing,Assistant,12/1/2019,D,,666-186-3208
 Jonathan Garcia,25,50000,Other,IT,Analyst,3/25/2019,D,,616-362-0064
 Terry Martinez,36,55000,Female,Marketing,Director,1/15/2020,D,,492-787-5794
 Tony Cantu,30,70000,Male,Sales,Clerk,3/25/2019,A,,200-964-8332
 Bobby Chambers,35,55000,Other,Sales,Assistant,2/20/2020,D,,994-411-7868
 Lisa Thomas,50,65000,Female,HR,Assistant,1/15/2020,F,,676-635-5861
 Anthony Ruiz,50,65000,Other,Finance,Analyst,4/5/2018,F, anthony ruiz678@example.com,874-597-1270
 Paul Beasley,35,65000,Other,Marketing,Manager,12/1/2019,B, paul beasley156@example.com,920-464-9240
 Dustin Luna,36,60260,Female,HR,Clerk,12/1/2019,A, dustin luna479@example.com,572-126-7546
 Dawn Lee,36,60260,Other,Finance,Assistant,3/25/2019,F, dawn lee721@example.com,764-982-6977
 Jeremy Schneider,40,50000,Male,Marketing,Analyst,1/15/2020,C, jeremy schneider875@example.com,
 Nicole Arroyo,50,65000,Male,IT,Director,4/5/2018,A, nicole arroyo812@example.com,
 Joshua Miller,40,70000,Other,Finance,Assistant,1/15/2020,A, joshua miller349@example.com,
 Megan Smith,50,55000,Female,Sales,Analyst,12/1/2019,F, megan smith498@example.com,443-343-1598
 Kyle Williams,30,60000,Other,HR,Manager,1/15/2020,C, kyle williams150@example.com,430-872-7299
 Carol Chandler,30,70000,Male,Finance,Manager,4/5/2018,B, carol chandler764@example.com,133-257-6700
 Ashley Price,25,60260,Other,Finance,Assistant,3/25/2019,F, ashley price541@example.com,597-122-0660
 Marilyn Burke,40,60260,Other,Sales,Assistant,2/20/2020,C, marilyn burke163@example.com,542-646-3113
 Brian Mitchell,35,70000,Male,Marketing,Clerk,1/15/2020,A, brian mitchell175@example.com,666-125-2321
 Jeffrey Johnson,40,60260,Other,IT,Analyst,2/20/2020,C, jeffrey johnson508@example.com,215-947-1916
 Kelli Hall,35,65000,Other,Sales,Assistant,12/1/2019,A,,926-814-0429
 Jared Bowen,36,50000,Female,IT,Clerk,3/25/2019,F, jared bowen181@example.com,395-957-2928
 Jessica Jones,40,55000,Female,Marketing,Clerk,3/25/2019,F, jessica jones682@example.com,989-208-5696
 Oscar Johnson,36,50000,Male,Finance,Assistant,1/15/2020,D, oscar johnson475@example.com,368-909-1580
 Joe Chang,30,55000,Male,IT,Manager,3/25/2019,D, joe chang326@example.com,849-481-0910
 Gregory Murray,30,55000,Male,HR,Analyst,1/15/2020,D,,293-825-0935
 Michelle White,25,50000,Female,HR,Analyst,1/15/2020,F,,420-210-8152
 Mr. Brett Hopkins,40,70000,Male,Sales,Manager,2/20/2020,B,,959-201-9446
 Edward Ritter,36,55000,Male,Marketing,Assistant,3/25/2019,F, edward ritter923@example.com,844-487-0256
 Danielle Campbell,35,50000,Male,Sales,Analyst,1/15/2020,C, danielle campbell359@example.com,576-239-1600
 Bryan Alvarado,30,55000,Female,Sales,Assistant,2/20/2020,F, bryan alvarado240@example.com,
 Sharon Gonzalez,30,60000,Other,Sales,Assistant,4/5/2018,F, sharon gonzalez700@example.com,
 Christopher Oliver,35,70000,Male,HR,Clerk,2/20/2020,A, christopher oliver965@example.com,402-098-0406
 Michelle Andrews,36,65000,Other,HR,Manager,2/20/2020,A, michelle andrews591@example.com,169-457-2157
 Alejandro Jennings,36,55000,Male,Sales,Assistant,1/15/2020,A, alejandro jennings209@example.com,950-118-5416
 James Tyler,40,60000,Other,HR,Director,12/1/2019,F, james tyler226@example.com,461-958-0418
 Roger Mora,40,65000,Female,Marketing,Manager,12/1/2019,B, roger mora844@example.com,543-503-2999
 Rebecca Diaz,50,65000,Female,Sales,Analyst,12/1/2019,C, rebecca diaz710@example.com,280-751-2666
 Anthony Vargas,50,55000,Male,HR,Clerk,2/20/2020,C, anthony vargas500@example.com,395-487-2003
 Gary Smith,25,50000,Other,IT,Analyst,1/15/2020,B, gary smith225@example.com,845-496-5600
 Sharon Rivera,30,55000,Female,Sales,Analyst,3/25/2019,B, sharon rivera753@example.com,492-598-3195
 Sandra Pena,40,60000,Male,Sales,Manager,2/20/2020,C, sandra pena151@example.com,652-030-3081
 Keith Cook,36,65000,Male,Marketing,Analyst,2/20/2020,D, keith cook729@example.com,748-250-9165
 Melanie Jones,35,55000,Female,Finance,Assistant,1/15/2020,A, melanie jones952@example.com,517-710-8303
 Christina Gordon,36,50000,Female,Finance,Analyst,4/5/2018,A, christina gordon938@example.com,835-679-7697
 Joshua Edwards,30,55000,Male,Marketing,Clerk,2/20/2020,C, joshua edwards466@example.com,502-387-4936
 Sara Snyder,50,70000,Other,Marketing,Clerk,4/5/2018,B, sara snyder181@example.com,518-793-5046
 Randy Gray,36,50000,Other,Marketing,Director,4/5/2018,D, randy gray163@example.com,998-613-5136
 Allen Hood,25,60000,Other,Finance,Clerk,12/1/2019,C,,629-145-7162
 Maria Nguyen,30,65000,Male,Marketing,Analyst,1/15/2020,A,,323-177-1039
 Marc Lara,50,55000,Female,HR,Clerk,4/5/2018,F, marc lara480@example.com,381-286-7801
 Cynthia Morrison,35,50000,Male,Sales,Manager,1/15/2020,B, cynthia morrison730@example.com,918-037-5249
 Walter Kelly,50,70000,Female,Sales,Clerk,12/1/2019,F,,440-582-1485
 Ruth Stokes,25,50000,Other,IT,Assistant,1/15/2020,C, ruth stokes178@example.com,867-021-5830
 Carl Hopkins,30,60260,Other,IT,Manager,2/20/2020,A, carl hopkins866@example.com,460-566-2895
 Dustin Olson,35,70000,Female,Sales,Director,4/5/2018,D, dustin olson610@example.com,283-684-6605
 Carol Davis,25,60000,Female,HR,Assistant,1/15/2020,F, carol davis979@example.com,166-783-2730
 Stephanie Jackson,50,65000,Male,Finance,Analyst,3/25/2019,D,,303-608-1542
 Daniel Bradshaw,25,60000,Other,Finance,Analyst,1/15/2020,A, daniel bradshaw626@example.com,373-109-3054
 Shelly Cochran,30,55000,Male,HR,Analyst,4/5/2018,F, shelly cochran759@example.com,606-039-0081
 Mark Lee,40,50000,Male,Finance,Assistant,12/1/2019,D, mark lee898@example.com,673-955-8186
 Dr. Elizabeth Browning,25,60260,Male,Marketing,Assistant,12/1/2019,D, dr. elizabeth browning865@example.com,479-077-3219
 Ashley Harris,25,70000,Other,Sales,Assistant,4/5/2018,F, ashley harris575@example.com,106-006-0626
 Cole Castillo,50,70000,Male,Sales,Manager,2/20/2020,A, cole castillo223@example.com,287-671-6519
 Matthew Howell,50,50000,Male,HR,Manager,2/20/2020,D, matthew howell775@example.com,522-298-2473
 Andre Robinson,35,60260,Male,Finance,Analyst,12/1/2019,C, andre robinson380@example.com,
 Tina Schwartz,50,50000,Male,IT,Clerk,12/1/2019,F, tina schwartz479@example.com,272-533-3303
 Thomas Moran,36,55000,Male,IT,Analyst,4/5/2018,B, thomas moran840@example.com,
 Henry Miller,30,60000,Male,Finance,Director,2/20/2020,B, henry miller568@example.com,713-398-8776
 Kristy Shannon,30,70000,Other,IT,Manager,12/1/2019,A, kristy shannon522@example.com,
 Amy Hurst,40,55000,Male,HR,Assistant,2/20/2020,C, amy hurst577@example.com,
 Abigail Vazquez,40,60000,Female,HR,Manager,12/1/2019,D, abigail vazquez767@example.com,475-951-5620
 Dustin Vargas,30,55000,Male,Finance,Assistant,1/15/2020,B, dustin vargas868@example.com,801-011-3944
 Mark Kane,40,60260,Male,IT,Director,3/25/2019,A, mark kane185@example.com,
 Stacy Gibbs,35,70000,Other,HR,Director,1/15/2020,C, stacy gibbs473@example.com,
 Julie Hall,50,50000,Other,HR,Manager,12/1/2019,C, julie hall521@example.com,262-633-7298
 Natalie Dominguez,30,50000,Female,Marketing,Assistant,3/25/2019,A, natalie dominguez342@example.com,314-775-0543
 Renee Shea,40,60000,Female,Marketing,Director,3/25/2019,A, renee shea962@example.com,270-951-5828
 Lisa Sanchez,30,65000,Other,HR,Analyst,12/1/2019,D, lisa sanchez624@example.com,983-269-9688
 Stephen Wang,36,60260,Other,Finance,Analyst,12/1/2019,A, stephen wang359@example.com,752-059-4408
 George Ross,25,60000,Male,Sales,Assistant,2/20/2020,D, george ross278@example.com,467-594-8090
 Patricia Brown PhD,50,65000,Other,Sales,Manager,12/1/2019,D, patricia brown phd821@example.com,829-013-3796
 Tiffany Rubio,30,55000,Female,HR,Director,4/5/2018,F, tiffany rubio343@example.com,146-586-2416
 Jacqueline Morris,25,60260,Male,HR,Manager,12/1/2019,C,,709-291-1866
 David Carter,40,55000,Female,HR,Analyst,4/5/2018,C,,103-786-7432
 Miranda Davies,25,70000,Male,Finance,Director,12/1/2019,C,,636-337-3914
 Cody Mann,50,60260,Other,Marketing,Manager,2/20/2020,F,,898-203-9438
 Colin Wilson,30,65000,Female,HR,Clerk,4/5/2018,D,,574-529-8746
 Christopher Morgan,36,70000,Male,HR,Assistant,1/15/2020,D,,
 Reginald Phillips,40,50000,Male,IT,Assistant,4/5/2018,A,,
 David Crosby,30,65000,Other,Finance,Clerk,2/20/2020,F,,
 David Perez,50,60000,Other,HR,Analyst,4/5/2018,A, david perez599@example.com,734-328-9308
 Felicia Taylor,40,50000,Other,IT,Director,12/1/2019,F, felicia taylor253@example.com,644-275-1991
 Karen Oconnell,35,50000,Female,Sales,Assistant,12/1/2019,A, karen oconnell989@example.com,354-574-7311
 Andrea Roy,25,60000,Male,HR,Clerk,2/20/2020,B, andrea roy812@example.com,301-013-0014
 Dakota Le,50,60260,Other,HR,Clerk,3/25/2019,C, dakota le205@example.com,
 Luke Bush,35,50000,Female,IT,Analyst,12/1/2019,C, luke bush198@example.com,
 Carol Smith,30,65000,Female,Finance,Analyst,1/15/2020,D, carol smith254@example.com,757-717-4989
 Preston Schwartz,36,70000,Female,HR,Manager,2/20/2020,B, preston schwartz747@example.com,194-275-5376
 Jared Brown,40,50000,Other,Sales,Assistant,4/5/2018,C, jared brown178@example.com,665-274-4405
 Thomas Nguyen,25,65000,Other,HR,Manager,4/5/2018,D, thomas nguyen571@example.com,328-017-4765
 Christopher Silva,40,55000,Male,Sales,Clerk,1/15/2020,B, christopher silva890@example.com,596-210-6908
 John Ferguson,30,65000,Male,Marketing,Director,12/1/2019,C, john ferguson226@example.com,650-489-1193
 Marc Smith,40,70000,Other,Marketing,Director,2/20/2020,A, marc smith145@example.com,910-824-8177
 Rhonda Harvey,25,65000,Female,Sales,Analyst,1/15/2020,F, rhonda harvey578@example.com,592-677-5701
 Gregory Tapia,30,60000,Female,Finance,Director,12/1/2019,B, gregory tapia549@example.com,163-247-8007
 James Erickson,40,70000,Female,HR,Director,2/20/2020,D, james erickson320@example.com,822-264-0364
 Jesus Oliver,36,60260,Male,HR,Director,4/5/2018,B,,908-318-2919
 Tanya Daniel,50,55000,Female,Marketing,Clerk,2/20/2020,D, tanya daniel548@example.com,702-023-6946
 Jeanne Jones,30,60000,Male,Sales,Director,3/25/2019,B, jeanne jones837@example.com,520-088-7475
 Christopher Doyle,50,60260,Male,HR,Director,2/20/2020,D,,342-099-0299
 Mark Raymond,30,65000,Female,HR,Director,3/25/2019,C, mark raymond513@example.com,568-148-1558
 Brendan Gutierrez,36,70000,Female,Finance,Manager,2/20/2020,A, brendan gutierrez100@example.com,914-095-5400
 Shane Elliott,50,55000,Other,IT,Clerk,3/25/2019,C, shane elliott122@example.com,713-411-1822
 Jessica Meyers,35,60000,Other,Marketing,Analyst,4/5/2018,A, jessica meyers208@example.com,164-103-9376
 Richard Wright Jr.,25,60260,Female,Marketing,Manager,12/1/2019,C, richard wright jr.336@example.com,201-615-0705
 Stephanie Gardner,35,60260,Male,IT,Assistant,3/25/2019,C, stephanie gardner875@example.com,695-120-6481
 Dr. Nicholas Waters,40,55000,Male,HR,Clerk,3/25/2019,B, dr. nicholas waters883@example.com,396-178-3021
 Melvin Wells,36,65000,Male,Finance,Clerk,4/5/2018,F, melvin wells903@example.com,249-404-6725
 Mark Hendricks,35,55000,Male,Finance,Assistant,3/25/2019,D, mark hendricks357@example.com,173-219-8402
 Jeffrey Fox,30,60260,Male,Marketing,Assistant,1/15/2020,D, jeffrey fox591@example.com,955-376-0406
 Sara Potter,40,50000,Other,Finance,Assistant,4/5/2018,D, sara potter546@example.com,312-439-8680
 Jennifer Fleming,40,60000,Female,IT,Analyst,1/15/2020,A, jennifer fleming395@example.com,752-169-1673
 Eric Walker,35,55000,Other,HR,Director,4/5/2018,D, eric walker453@example.com,177-712-3901
 Robin Ortega,35,60260,Male,IT,Clerk,3/25/2019,D, robin ortega833@example.com,611-728-8766
 Charlene Miller,36,65000,Male,Sales,Director,1/15/2020,B, charlene miller981@example.com,950-377-2829
 Tina Porter,25,60260,Male,Marketing,Director,3/25/2019,C, tina porter722@example.com,
 Carol Wilson,35,65000,Male,Finance,Assistant,4/5/2018,D, carol wilson561@example.com,961-895-7582
 Cynthia Porter,35,55000,Female,Sales,Analyst,3/25/2019,F, cynthia porter723@example.com,
 Dr. Arthur Brown,50,65000,Male,Finance,Manager,1/15/2020,D, dr. arthur brown328@example.com,
 Gabrielle Brewer,30,70000,Female,HR,Analyst,1/15/2020,A, gabrielle brewer352@example.com,
 Michael Robertson,50,70000,Male,HR,Director,3/25/2019,A, michael robertson666@example.com,276-683-7885
 Patricia Ritter,50,70000,Female,HR,Analyst,2/20/2020,A, patricia ritter851@example.com,254-188-5395
 Mr. Alexander Hebert MD,40,50000,Other,Finance,Assistant,4/5/2018,D, mr. alexander hebert md477@example.com,401-737-3046
 Stephen Johnson,25,55000,Male,Sales,Manager,4/5/2018,B, stephen johnson784@example.com,644-596-2892
 Mark Henry,30,60260,Female,HR,Assistant,3/25/2019,F, mark henry382@example.com,184-828-4500
 Dale Waters,36,60260,Other,Sales,Manager,2/20/2020,D,,641-303-2385
 Rachel Perez,36,50000,Male,Finance,Director,1/15/2020,B, rachel perez429@example.com,549-785-7461
 Peter Harvey,35,65000,Male,Sales,Manager,12/1/2019,B,,757-192-0891
 Holly Rodriguez,35,50000,Male,Finance,Manager,12/1/2019,D,,641-796-8921
 Scott Salazar,36,65000,Female,Finance,Manager,3/25/2019,D, scott salazar247@example.com,151-379-6433
 Michele Edwards,35,65000,Female,Marketing,Analyst,2/20/2020,B, michele edwards417@example.com,431-502-4673
 Elijah Eaton,25,60000,Other,Finance,Analyst,2/20/2020,B, elijah eaton631@example.com,
 Amber Rogers,50,60260,Female,Finance,Director,4/5/2018,B, amber rogers634@example.com,
 Mr. Sean Dorsey,35,70000,Female,IT,Manager,1/15/2020,D,,633-889-6452
 Bonnie Hernandez,40,65000,Male,HR,Clerk,2/20/2020,B,,864-967-5216
 Nicholas Clark,35,60000,Male,Marketing,Director,12/1/2019,A,,681-227-7063
 Kristina Smith,30,60260,Male,Marketing,Manager,1/15/2020,D,,648-090-7709
 Kelly Byrd,25,70000,Male,Marketing,Manager,1/15/2020,A,,140-005-0250
 Michele Adams,30,65000,Male,IT,Analyst,3/25/2019,C,,151-474-3864
 Ryan Johnson,30,65000,Male,Finance,Director,2/20/2020,D,,433-637-5540
 Joseph Roberts,40,50000,Male,HR,Manager,3/25/2019,C, joseph roberts914@example.com,788-051-9826
 Anthony Powell,25,50000,Other,Sales,Manager,2/20/2020,B, anthony powell710@example.com,471-223-5220
 William Mcmillan,25,60260,Other,Finance,Director,4/5/2018,B, william mcmillan997@example.com,549-998-5347
 Andrew Sparks,25,70000,Other,IT,Clerk,3/25/2019,F, andrew sparks781@example.com,471-900-9098
 Andrea Hinton,25,65000,Other,Finance,Director,3/25/2019,B, andrea hinton143@example.com,896-561-9571
 Catherine Esparza,25,60260,Male,Finance,Director,12/1/2019,C, catherine esparza738@example.com,683-518-7134
 Lori Rangel,40,60260,Other,IT,Clerk,3/25/2019,B, lori rangel414@example.com,423-224-9222
 Brittany Roach,35,55000,Male,Marketing,Director,2/20/2020,D, brittany roach394@example.com,
 Emily Hale,30,50000,Other,Marketing,Manager,12/1/2019,B, emily hale699@example.com,
 Kevin Santos,25,70000,Female,HR,Director,3/25/2019,F, kevin santos355@example.com,
 Jeremiah Hernandez,35,65000,Other,HR,Clerk,3/25/2019,B, jeremiah hernandez961@example.com,
 Cheyenne Howard,35,60260,Other,Marketing,Assistant,4/5/2018,C, cheyenne howard118@example.com,279-527-3931
 Amy Wells,30,65000,Male,Sales,Director,3/25/2019,C, amy wells282@example.com,511-401-6348
 Thomas Kirk,40,55000,Other,Finance,Analyst,1/15/2020,B, thomas kirk349@example.com,821-938-5495
 David Douglas,36,70000,Female,Sales,Manager,12/1/2019,C, david douglas490@example.com,558-843-2065
 Gregory Short,36,60260,Male,Finance,Manager,1/15/2020,C, gregory short143@example.com,650-525-3397
 Tonya Jacobson,35,65000,Male,Marketing,Analyst,12/1/2019,F, tonya jacobson432@example.com,673-529-9381
 Tammy Duncan,50,50000,Other,HR,Analyst,4/5/2018,D, tammy duncan695@example.com,210-597-5172
 Brian Saunders,50,55000,Male,HR,Director,3/25/2019,F, brian saunders731@example.com,263-585-9449
 Aaron Bell,30,70000,Male,Sales,Analyst,3/25/2019,A, aaron bell346@example.com,399-748-8345
 Lindsey Francis,36,55000,Male,HR,Assistant,3/25/2019,F, lindsey francis707@example.com,736-958-6312
 Kristin Hall,35,50000,Male,Marketing,Clerk,12/1/2019,B, kristin hall316@example.com,730-568-4912
 Paul Walker,40,70000,Male,Sales,Analyst,3/25/2019,D, paul walker946@example.com,860-092-3144
 Laura Sandoval,36,55000,Male,Finance,Analyst,1/15/2020,B, laura sandoval870@example.com,456-293-3721
 Angela Robles,35,60000,Female,HR,Assistant,3/25/2019,A,,575-056-6245
 Sherry Gardner,35,50000,Other,IT,Manager,4/5/2018,D, sherry gardner923@example.com,761-020-8330
 Ryan Ford DDS,25,50000,Female,HR,Manager,1/15/2020,C, ryan ford dds581@example.com,834-228-2967
 Stephanie Stewart,40,50000,Male,Finance,Director,3/25/2019,F, stephanie stewart645@example.com,505-592-1889
 Ray Moore,25,60000,Male,Sales,Assistant,3/25/2019,B,,415-209-2220
 Christopher Brown,30,60000,Other,Finance,Clerk,2/20/2020,A, christopher brown899@example.com,660-700-5453
 Dustin Adkins,25,65000,Female,IT,Clerk,12/1/2019,C,,795-583-4840
 Denise Stanley,25,60260,Other,Marketing,Assistant,1/15/2020,F, denise stanley771@example.com,835-159-4585
 Joshua Figueroa,36,55000,Female,HR,Clerk,2/20/2020,C, joshua figueroa223@example.com,998-694-7878
 Elizabeth Bradley,50,65000,Male,Sales,Manager,4/5/2018,F, elizabeth bradley696@example.com,911-607-5407
 Christie Lawson MD,35,55000,Other,Marketing,Clerk,12/1/2019,D, christie lawson md490@example.com,430-879-9753
 Nicholas Sanders,40,60260,Other,Finance,Clerk,1/15/2020,C, nicholas sanders482@example.com,567-820-3092
 Linda Zimmerman,25,60000,Male,Sales,Assistant,3/25/2019,C, linda zimmerman971@example.com,895-502-7032
 Jacqueline Mitchell,40,60260,Other,Marketing,Assistant,1/15/2020,C, jacqueline mitchell479@example.com,742-952-2687
 Brandon Austin,50,60000,Female,Sales,Clerk,3/25/2019,D, brandon austin588@example.com,993-692-9227
 Lauren Hernandez,50,60260,Female,IT,Analyst,12/1/2019,A, lauren hernandez375@example.com,370-016-6431
 Robert Nixon,25,65000,Female,IT,Assistant,3/25/2019,F, robert nixon878@example.com,258-464-2552
 Brian Lang,30,70000,Female,HR,Director,4/5/2018,C, brian lang825@example.com,719-977-5118
 Kelly Hamilton,25,65000,Male,HR,Director,3/25/2019,D, kelly hamilton525@example.com,821-498-5353
 Ronald Evans,36,55000,Other,IT,Manager,4/5/2018,A, ronald evans878@example.com,938-597-4084
 Jennifer Bush,35,65000,Female,Sales,Clerk,12/1/2019,F, jennifer bush555@example.com,
 Jose Flores,30,50000,Male,IT,Analyst,12/1/2019,D, jose flores879@example.com,
 Lisa Alvarez,25,55000,Other,HR,Manager,1/15/2020,F, lisa alvarez889@example.com,
 Samantha Higgins,40,60260,Other,IT,Clerk,4/5/2018,C, samantha higgins875@example.com,985-323-6084
 Edward Walker,30,55000,Male,IT,Assistant,4/5/2018,A,,565-832-8026
 James Sanchez,30,70000,Male,Sales,Director,2/20/2020,D, james sanchez608@example.com,578-368-4714
 Michael Patterson,25,60000,Female,Marketing,Analyst,2/20/2020,A,,
 Richard Blair,30,60260,Other,HR,Director,2/20/2020,C, richard blair769@example.com,222-404-2510
 Michelle Barnes,40,55000,Other,Sales,Assistant,3/25/2019,A, michelle barnes590@example.com,334-413-0721
 Gregory Reed,50,60260,Male,IT,Clerk,2/20/2020,A, gregory reed315@example.com,341-761-6903
 Donna Martin,30,60260,Other,IT,Assistant,4/5/2018,B, donna martin504@example.com,112-958-8565
 Nancy Smith,50,60260,Female,Marketing,Assistant,3/25/2019,A,,309-674-5812
 Cindy Chase,40,60000,Other,HR,Director,12/1/2019,F,,493-456-1004
 Angela Torres,25,65000,Male,HR,Analyst,1/15/2020,D,,718-937-0159
 Tina Davis,35,60260,Male,Finance,Assistant,2/20/2020,B,,960-190-9996
 Louis Moore,30,50000,Female,HR,Director,12/1/2019,D,,731-944-2336
 Nancy Pollard,35,70000,Female,Marketing,Analyst,4/5/2018,D,,515-150-5188
 Gail Merritt,40,60000,Other,Finance,Clerk,1/15/2020,C,,886-297-1537
 Xavier Martinez,30,55000,Other,Finance,Clerk,12/1/2019,C,,995-072-8040
 William Kennedy,50,60000,Male,IT,Manager,1/15/2020,B, william kennedy839@example.com,952-444-2735
 Alexander Pacheco,36,55000,Female,IT,Director,2/20/2020,C, alexander pacheco137@example.com,421-354-4631
 Randall Morris,35,60000,Female,HR,Analyst,4/5/2018,C, randall morris439@example.com,233-709-2536
 Robert Stokes,30,55000,Female,Finance,Assistant,1/15/2020,C, robert stokes430@example.com,226-997-8317
 Randy Jenkins,35,60260,Other,IT,Clerk,12/1/2019,D, randy jenkins949@example.com,300-745-7834
 Rachel Smith,30,65000,Female,Marketing,Analyst,2/20/2020,B, rachel smith479@example.com,572-676-5382
 Ricky Brown,25,55000,Male,IT,Director,2/20/2020,D, ricky brown139@example.com,605-037-1091
 Michael Burton,50,55000,Male,IT,Manager,12/1/2019,F, michael burton353@example.com,891-995-7728
 Barbara Mccarthy,35,50000,Other,Finance,Clerk,12/1/2019,D, barbara mccarthy426@example.com,256-696-1046
 Kelly Gardner,36,55000,Other,Finance,Analyst,1/15/2020,F, kelly gardner468@example.com,412-193-2954
 Dustin Knight,36,50000,Female,Sales,Analyst,3/25/2019,A, dustin knight571@example.com,943-886-1721
 Mark Boyd,40,70000,Other,Marketing,Analyst,2/20/2020,A, mark boyd872@example.com,657-956-0095
 Luke White,30,60260,Male,Finance,Director,1/15/2020,F, luke white210@example.com,371-109-0399
 Angela Gonzalez,35,50000,Female,HR,Director,12/1/2019,F, angela gonzalez134@example.com,872-042-7678
 Walter Gordon,40,65000,Male,Marketing,Director,1/15/2020,D, walter gordon872@example.com,847-517-6351
 Keith Price,35,60260,Female,Marketing,Assistant,12/1/2019,F, keith price831@example.com,824-467-4899
 Michelle Jackson,30,50000,Other,Finance,Analyst,4/5/2018,B, michelle jackson426@example.com,760-309-0370
 Olivia Hodges,36,60260,Female,Marketing,Clerk,12/1/2019,A, olivia hodges132@example.com,225-633-2897
 Shaun Koch,25,60260,Female,Finance,Director,12/1/2019,A, shaun koch795@example.com,273-005-8831
 Misty Bowen,36,60260,Male,IT,Director,12/1/2019,F, misty bowen351@example.com,173-815-9015
 Jacqueline Garcia,40,70000,Male,Sales,Analyst,3/25/2019,C, jacqueline garcia482@example.com,232-143-3735
 Thomas Thompson,50,65000,Female,IT,Director,12/1/2019,C, thomas thompson756@example.com,393-291-7773
 Brenda Graham,25,60000,Other,Finance,Assistant,2/20/2020,F, brenda graham523@example.com,
 Carol Ramirez,40,60000,Other,Finance,Assistant,2/20/2020,B, carol ramirez174@example.com,470-080-5061
 Angela Ball,30,50000,Male,IT,Director,1/15/2020,C, angela ball371@example.com,736-567-0429
 Deborah Rodriguez,25,60260,Other,HR,Analyst,3/25/2019,F, deborah rodriguez152@example.com,
 Peter Cunningham,40,50000,Male,HR,Analyst,1/15/2020,B, peter cunningham698@example.com,950-346-4871
 Greg Hayes,30,70000,Other,HR,Analyst,2/20/2020,B, greg hayes266@example.com,657-013-8696
 Joann Williams,36,70000,Female,Finance,Manager,2/20/2020,D, joann williams516@example.com,777-937-6505
 Ian Dougherty,50,55000,Male,Marketing,Director,4/5/2018,B,,167-122-9020
 Steven Mccullough,30,70000,Male,Finance,Analyst,12/1/2019,C, steven mccullough834@example.com,
 Michael Gibson,35,55000,Female,Marketing,Assistant,2/20/2020,C,,255-338-7247
 Melissa Torres,30,65000,Male,IT,Clerk,1/15/2020,F, melissa torres413@example.com,620-251-3011
 Roy Hawkins DVM,30,50000,Other,Sales,Clerk,1/15/2020,F, roy hawkins dvm820@example.com,789-426-3949
 Lisa Long,50,65000,Other,Marketing,Analyst,12/1/2019,B, lisa long668@example.com,760-280-5901
 Lisa Chen,35,70000,Male,HR,Clerk,12/1/2019,A, lisa chen322@example.com,240-823-0419
 William Murray,40,65000,Other,Finance,Clerk,4/5/2018,D, william murray688@example.com,328-794-6504
 Kristi Hall,40,65000,Male,IT,Manager,3/25/2019,A, kristi hall828@example.com,976-239-9018
 Ronald Garcia Jr.,30,65000,Female,HR,Assistant,1/15/2020,B, ronald garcia jr.653@example.com,706-545-1775
 Deanna Brewer,35,70000,Male,IT,Assistant,12/1/2019,B, deanna brewer887@example.com,236-391-9302
 Kristie Price,35,60260,Female,Sales,Manager,1/15/2020,A, kristie price221@example.com,192-527-6890
 Craig Moore,50,65000,Other,Finance,Manager,12/1/2019,D, craig moore544@example.com,839-029-5245
 Michael Schmidt,36,55000,Female,Finance,Clerk,2/20/2020,A, michael schmidt892@example.com,568-904-4295
 Karina Ross,40,70000,Other,Sales,Director,1/15/2020,F, karina ross450@example.com,697-701-4200
 Douglas Burch,50,65000,Male,Finance,Clerk,2/20/2020,C, douglas burch384@example.com,437-423-5926
 Anthony Castillo,25,60260,Other,Marketing,Manager,1/15/2020,F, anthony castillo528@example.com,817-763-7203
 Candace Sanford,40,70000,Male,IT,Assistant,3/25/2019,C, candace sanford216@example.com,168-285-5966
 Blake Tran,50,60000,Male,HR,Clerk,4/5/2018,B, blake tran855@example.com,566-273-4906
 Gabrielle Skinner,40,60260,Female,Sales,Director,2/20/2020,D, gabrielle skinner364@example.com,616-199-8313
 Patricia Adkins,36,55000,Female,Marketing,Clerk,12/1/2019,A,,101-130-7037
 Reginald Alexander,25,65000,Female,HR,Analyst,3/25/2019,D,,402-763-6729
 Susan Coffey,36,60000,Female,HR,Clerk,1/15/2020,A,,379-864-8560
 Jacqueline Ramirez,25,60000,Other,Sales,Manager,2/20/2020,F,,706-932-5632
 Andre Johnson,30,70000,Other,Marketing,Assistant,1/15/2020,F,,286-554-0850
 Larry Mccann PhD,50,60000,Other,HR,Assistant,1/15/2020,A,,741-025-7052
 Brenda Brown,25,55000,Male,HR,Manager,1/15/2020,D,,417-282-4274
 Kimberly Baker,36,55000,Other,Marketing,Analyst,4/5/2018,A,,447-192-6042
 Diana Silva,40,50000,Other,Finance,Manager,4/5/2018,B, diana silva819@example.com,853-698-8704
 Anthony Collins,25,55000,Other,HR,Clerk,12/1/2019,F, anthony collins882@example.com,
 Christie Campbell,50,60260,Female,IT,Manager,2/20/2020,B, christie campbell861@example.com,537-855-9780
 Emily Thompson,25,60000,Other,Marketing,Manager,3/25/2019,F, emily thompson723@example.com,
 John Hinton,35,55000,Male,HR,Analyst,3/25/2019,F, john hinton768@example.com,981-778-9390
 Shaun Sloan,40,70000,Female,Sales,Clerk,3/25/2019,C, shaun sloan257@example.com,
 Erin Smith,50,50000,Male,IT,Director,1/15/2020,B, erin smith644@example.com,233-125-4808
 Heather Jones,50,60000,Other,HR,Director,4/5/2018,B, heather jones558@example.com,471-699-6934
 Nicholas Barrett,30,50000,Female,IT,Assistant,2/20/2020,C, nicholas barrett215@example.com,748-491-8147
 Marcus Rodriguez,36,60000,Male,IT,Manager,1/15/2020,D, marcus rodriguez281@example.com,112-928-0747
 Bryan Stewart,30,70000,Other,Finance,Assistant,4/5/2018,B, bryan stewart620@example.com,402-450-3600
 Brandon Hopkins,50,50000,Male,IT,Analyst,4/5/2018,A, brandon hopkins265@example.com,932-161-2447
 Summer Gonzalez,40,65000,Male,Finance,Director,2/20/2020,C, summer gonzalez903@example.com,643-135-2903
 Robert Walter,25,60260,Male,Marketing,Manager,2/20/2020,B, robert walter681@example.com,282-881-4974
 Michael Black,25,60260,Other,Finance,Analyst,2/20/2020,D, michael black715@example.com,609-794-1152
 Stephen Allen,40,60000,Other,Sales,Analyst,1/15/2020,B, stephen allen361@example.com,800-764-4442
 Jessica Rodriguez,50,65000,Male,HR,Manager,12/1/2019,F, jessica rodriguez860@example.com,884-688-2491
 Michael Lewis Jr.,25,50000,Female,Marketing,Analyst,2/20/2020,A, michael lewis jr.591@example.com,655-079-1764
 Christina Miller,25,65000,Female,Marketing,Manager,12/1/2019,C, christina miller474@example.com,854-979-3170
 Abigail Owens,25,65000,Other,Sales,Manager,1/15/2020,F, abigail owens963@example.com,271-276-2742
 Christopher Sullivan,36,50000,Other,Finance,Clerk,12/1/2019,D, christopher sullivan148@example.com,454-483-1381
 Anthony Little,36,70000,Other,HR,Assistant,3/25/2019,F,,647-781-3302
 Bethany Dillon,35,65000,Other,Finance,Analyst,12/1/2019,F,,725-719-3805
 Mr. Clifford Duran,30,65000,Other,IT,Analyst,2/20/2020,D, mr. clifford duran987@example.com,640-808-8024
 Justin Jensen,40,70000,Female,Finance,Clerk,1/15/2020,F, justin jensen942@example.com,888-089-2720
 Kenneth Butler,40,65000,Other,Marketing,Clerk,2/20/2020,C, kenneth butler700@example.com,293-200-7857
 Christine Jones,40,65000,Male,HR,Clerk,3/25/2019,B,,338-979-6037
 Aaron Pitts,35,65000,Male,Finance,Director,2/20/2020,F, aaron pitts729@example.com,479-075-8831
 Martin Burton,36,60260,Female,HR,Director,2/20/2020,C,,657-764-6419
 Jessica Levy,50,55000,Male,HR,Director,2/20/2020,B, jessica levy214@example.com,627-703-2686
 Kelly Aguilar,50,70000,Female,IT,Manager,4/5/2018,B, kelly aguilar554@example.com,478-374-8994
 Anita Hernandez,35,65000,Female,IT,Analyst,3/25/2019,F, anita hernandez759@example.com,471-669-0505
 Amanda Oconnor,50,60260,Male,Marketing,Assistant,2/20/2020,C,,298-661-5685
 Jordan Dixon,40,70000,Other,Sales,Manager,2/20/2020,F,,465-471-5761
 Lisa Hanson,30,60000,Male,HR,Analyst,2/20/2020,D,,796-186-0737
 Jason Mccoy,25,60000,Male,Sales,Analyst,1/15/2020,B,,307-968-2250
 Joseph Villa,36,65000,Female,Marketing,Clerk,4/5/2018,F, joseph villa959@example.com,935-438-5105
 Ruben Smith,36,60260,Male,HR,Clerk,1/15/2020,B, ruben smith919@example.com,937-780-4773
 Lisa Banks,35,60260,Female,HR,Manager,4/5/2018,C, lisa banks413@example.com,789-235-1783
 Robert Mathews,36,70000,Other,Sales,Clerk,2/20/2020,A, robert mathews297@example.com,282-622-8193
 Nicole Thomas,40,70000,Other,Finance,Analyst,3/25/2019,F, nicole thomas467@example.com,704-925-1641
 Alyssa Atkins,50,60260,Other,IT,Clerk,12/1/2019,F, alyssa atkins188@example.com,272-893-0552
 Raymond Dunn,40,70000,Male,Finance,Director,12/1/2019,B, raymond dunn709@example.com,794-901-1306
 Jordan Gomez,35,60260,Female,Sales,Clerk,2/20/2020,C, jordan gomez381@example.com,
 Jessica Arias,40,55000,Other,IT,Analyst,1/15/2020,D, jessica arias328@example.com,740-204-3454
 Jesus Beasley,50,60260,Female,Finance,Manager,3/25/2019,C, jesus beasley928@example.com,538-672-6145
 Scott Matthews,30,60000,Female,IT,Assistant,4/5/2018,F, scott matthews548@example.com,603-981-7094
 Eric Miller,35,70000,Other,HR,Clerk,2/20/2020,D, eric miller865@example.com,274-674-1802
 Bryan Wilson,30,60260,Other,Finance,Analyst,3/25/2019,C, bryan wilson179@example.com,
 Lee Nguyen,25,60260,Female,IT,Assistant,3/25/2019,A, lee nguyen885@example.com,
 David Gibson,30,70000,Other,IT,Assistant,4/5/2018,B, david gibson583@example.com,
 Susan Hopkins,25,55000,Female,IT,Director,3/25/2019,C, susan hopkins368@example.com,685-882-1168
 John Gutierrez,25,55000,Female,Finance,Assistant,1/15/2020,C, john gutierrez922@example.com,376-958-2323
 Ashley Simon,30,70000,Other,Marketing,Analyst,1/15/2020,A, ashley simon168@example.com,237-084-3553
 Rodney Berry,35,50000,Male,Finance,Analyst,1/15/2020,F, rodney berry218@example.com,351-127-8341
 Shawn Hunter,50,70000,Other,Sales,Clerk,3/25/2019,B, shawn hunter288@example.com,514-134-8092
 Connor Perry,40,70000,Male,Finance,Clerk,1/15/2020,C, connor perry408@example.com,920-438-6984
 Michael Barton,40,55000,Female,IT,Clerk,4/5/2018,D, michael barton409@example.com,558-631-6939
 Adam Grimes,50,55000,Female,HR,Assistant,3/25/2019,C,,149-947-9913
 Julia Norris,25,70000,Male,Finance,Assistant,12/1/2019,B, julia norris724@example.com,601-358-5290
 Jonathan Wright,25,70000,Female,Finance,Director,3/25/2019,C, jonathan wright939@example.com,437-484-1605
 Alyssa Jackson,35,70000,Male,IT,Clerk,4/5/2018,A,,189-745-4416
 Victoria Lewis,36,55000,Male,HR,Manager,12/1/2019,C, victoria lewis549@example.com,188-541-6821
 Ronald Sheppard,30,70000,Female,HR,Director,3/25/2019,C, ronald sheppard186@example.com,496-395-9224
 Timothy Miller,25,70000,Male,Sales,Manager,1/15/2020,D, timothy miller780@example.com,218-641-8883
 Robert Carpenter,40,65000,Other,Finance,Assistant,2/20/2020,A, robert carpenter946@example.com,944-140-5644
 Jacob Williams,35,50000,Other,HR,Director,2/20/2020,A, jacob williams316@example.com,282-139-8643
 Cynthia Johnson,30,60000,Female,HR,Director,1/15/2020,C, cynthia johnson852@example.com,743-345-4561
 Rita Hobbs,35,50000,Female,Marketing,Analyst,2/20/2020,D, rita hobbs183@example.com,544-684-8467
 Shari Jimenez,30,65000,Male,Marketing,Assistant,2/20/2020,C, shari jimenez313@example.com,951-651-1114
 Anthony Wells,30,60000,Male,HR,Assistant,1/15/2020,C, anthony wells653@example.com,112-041-3347
 Kimberly Saunders,50,70000,Male,Sales,Director,1/15/2020,B, kimberly saunders923@example.com,894-276-6238
 Laura Sanchez,25,65000,Male,HR,Assistant,3/25/2019,B, laura sanchez220@example.com,533-026-0451
 Katie Farrell,35,70000,Other,IT,Director,3/25/2019,D, katie farrell435@example.com,198-316-4918
 Jessica Hodge,35,55000,Other,Finance,Analyst,1/15/2020,F, jessica hodge296@example.com,969-393-4171
 Samantha Ali,50,60260,Female,Sales,Director,4/5/2018,B, samantha ali214@example.com,595-848-7118
 Ricky Manning,40,65000,Male,IT,Assistant,2/20/2020,F, ricky manning131@example.com,829-031-0928
 Susan Kelly,40,55000,Male,Sales,Assistant,3/25/2019,A, susan kelly269@example.com,758-604-2800
 Mary Wood,25,65000,Female,IT,Director,2/20/2020,B, mary wood611@example.com,899-761-7022
 Traci Bell,25,65000,Male,Finance,Director,12/1/2019,B, traci bell815@example.com,378-400-3373
 Shannon Greene,36,55000,Male,Finance,Director,1/15/2020,D, shannon greene726@example.com,147-233-7950
 Kelly Figueroa,50,60000,Male,Marketing,Clerk,4/5/2018,F, kelly figueroa205@example.com,
 Christopher Grant,40,50000,Male,IT,Assistant,12/1/2019,B, christopher grant513@example.com,822-659-0595
 Donald Miller,30,70000,Male,Marketing,Assistant,12/1/2019,B, donald miller459@example.com,
 Sara Nguyen,35,65000,Female,IT,Clerk,12/1/2019,D, sara nguyen960@example.com,567-823-3161
 Dustin Gates,25,70000,Male,Marketing,Director,1/15/2020,D, dustin gates954@example.com,759-009-4279
 Kelly Wilcox,35,60260,Female,Finance,Analyst,3/25/2019,F, kelly wilcox712@example.com,843-351-3675
 Kaitlyn White,35,55000,Male,Sales,Director,1/15/2020,A, kaitlyn white469@example.com,
 Leslie Peterson,36,70000,Other,Marketing,Director,3/25/2019,A, leslie peterson824@example.com,122-648-1008
 Leslie Ramirez,40,55000,Other,IT,Clerk,12/1/2019,C, leslie ramirez693@example.com,880-669-6814
 Sarah Romero,25,70000,Other,IT,Assistant,12/1/2019,B, sarah romero485@example.com,277-515-4927
 Lawrence Nelson,35,50000,Other,Finance,Director,4/5/2018,F, lawrence nelson991@example.com,476-476-2311
 James Rojas,25,50000,Female,IT,Assistant,3/25/2019,B, james rojas104@example.com,153-817-1808
 Blake Rasmussen,30,50000,Female,HR,Manager,12/1/2019,F,,229-249-8465
 Diana Ramos,36,50000,Male,Sales,Assistant,2/20/2020,F, diana ramos760@example.com,114-584-7252
 Jessica Mccann,30,50000,Other,Marketing,Analyst,4/5/2018,F, jessica mccann148@example.com,864-993-1663
 Raven Scott,25,50000,Female,Sales,Analyst,1/15/2020,B,,828-913-1205
 Todd Quinn,25,55000,Male,Finance,Director,4/5/2018,D, todd quinn977@example.com,325-097-6354
 Courtney Johnson,40,65000,Male,Marketing,Assistant,2/20/2020,B, courtney johnson853@example.com,198-367-3571
 Jennifer Marquez,35,70000,Female,Marketing,Director,3/25/2019,F, jennifer marquez887@example.com,824-432-5481
 Daniel Williams,35,50000,Other,HR,Clerk,1/15/2020,C, daniel williams822@example.com,333-208-0702
 Lee Barajas,30,55000,Male,Finance,Analyst,1/15/2020,A, lee barajas709@example.com,937-418-9067
 Heather Wall,36,55000,Other,IT,Director,3/25/2019,F, heather wall933@example.com,444-651-1857
 Tammy Parker,50,55000,Other,HR,Clerk,4/5/2018,C, tammy parker533@example.com,119-866-4832
 Marvin Hanson,35,65000,Other,HR,Director,12/1/2019,D, marvin hanson549@example.com,
 James Anderson,40,70000,Male,Sales,Assistant,4/5/2018,F, james anderson470@example.com,459-608-2399
 Hannah Chapman,30,65000,Other,Sales,Assistant,2/20/2020,C, hannah chapman878@example.com,205-207-2277
 Christopher Bishop,30,60000,Male,Sales,Assistant,12/1/2019,F, christopher bishop122@example.com,352-669-0883
 Dawn Ward,50,55000,Other,HR,Assistant,4/5/2018,B, dawn ward495@example.com,588-317-4967
 Dean Martin,40,60000,Male,IT,Manager,3/25/2019,C, dean martin107@example.com,539-053-1100
 Jonathan Vasquez,36,60260,Other,Marketing,Clerk,2/20/2020,B, jonathan vasquez198@example.com,444-517-7348
 Ashley Howe,40,50000,Female,Sales,Clerk,2/20/2020,B, ashley howe178@example.com,705-204-1430
 Jonathan Thompson,36,50000,Other,IT,Assistant,2/20/2020,C, jonathan thompson449@example.com,604-586-5551
 William Medina,40,65000,Other,Finance,Manager,12/1/2019,A,,223-863-6716
 Melissa Howell,40,70000,Male,Sales,Assistant,1/15/2020,C,,976-899-2830
 Jennifer Dunn,25,60000,Male,Marketing,Manager,12/1/2019,A,,422-311-4706
 Dawn Pittman,30,70000,Other,Finance,Assistant,4/5/2018,F,,738-558-5730
 Kristi Morgan,40,65000,Female,Finance,Analyst,1/15/2020,F, kristi morgan950@example.com,437-056-4084
 Willie Collins,50,50000,Female,Marketing,Analyst,4/5/2018,C, willie collins601@example.com,661-220-7435
 Teresa Garcia,40,70000,Male,Sales,Director,1/15/2020,F, teresa garcia153@example.com,825-901-2530
 Sabrina Robinson,35,70000,Female,HR,Assistant,12/1/2019,D, sabrina robinson602@example.com,965-918-3507
 Ashley Martin,30,50000,Other,Marketing,Clerk,2/20/2020,B, ashley martin152@example.com,597-120-8010
 Shawna Jones,35,60000,Male,Marketing,Director,3/25/2019,B, shawna jones444@example.com,575-346-5306
 Kayla Smith,30,50000,Other,Marketing,Analyst,2/20/2020,A, kayla smith293@example.com,630-377-4032
 Collin Gallegos,35,70000,Male,Finance,Assistant,12/1/2019,F, collin gallegos719@example.com,639-029-1429
 Brian Phelps,40,60000,Male,IT,Director,1/15/2020,A, brian phelps413@example.com,962-169-9237
 David Simmons,40,60000,Male,HR,Assistant,2/20/2020,B, david simmons394@example.com,614-174-9508
 Christopher Cohen,25,50000,Male,Sales,Analyst,12/1/2019,B, christopher cohen360@example.com,102-060-8780
 Sean Long,50,70000,Female,Sales,Director,4/5/2018,F, sean long844@example.com,642-144-9211
 Justin Thompson,35,65000,Other,IT,Analyst,3/25/2019,D, justin thompson445@example.com,273-484-1648
 Justin Johnson,36,70000,Other,Marketing,Manager,2/20/2020,D, justin johnson817@example.com,842-449-6657
 Rebecca Cole,25,55000,Other,HR,Analyst,1/15/2020,F, rebecca cole897@example.com,427-058-8550
 Rhonda Shaw,35,60260,Male,Sales,Assistant,4/5/2018,F, rhonda shaw383@example.com,440-940-5084
 Karen Miller,35,65000,Female,Sales,Clerk,12/1/2019,A, karen miller928@example.com,641-669-7075
 Makayla Horton,25,60000,Other,Marketing,Analyst,3/25/2019,F, makayla horton479@example.com,669-173-6863
 Theresa Smith,40,65000,Female,IT,Clerk,1/15/2020,D, theresa smith918@example.com,241-020-3543
 Christopher Kelly,35,60000,Male,HR,Manager,12/1/2019,F, christopher kelly174@example.com,622-518-0689
 Amber Martin,40,60000,Other,IT,Director,12/1/2019,A, amber martin279@example.com,233-615-7151
 Carrie Harvey,25,65000,Female,IT,Director,2/20/2020,A, carrie harvey851@example.com,337-129-1532
 Reginald Fox,40,60000,Male,HR,Clerk,2/20/2020,A, reginald fox372@example.com,389-956-6007
 James Rodriguez,30,60000,Female,HR,Director,1/15/2020,A, james rodriguez905@example.com,152-889-3502
 Mr. Jonathan Lang,36,55000,Other,Sales,Analyst,12/1/2019,C, mr. jonathan lang836@example.com,741-521-2642
 Susan Adams,35,70000,Other,Sales,Clerk,2/20/2020,F, susan adams402@example.com,
 Jennifer Grant,50,70000,Male,HR,Assistant,3/25/2019,B, jennifer grant569@example.com,448-257-0384
 Laura Crawford,36,60260,Male,Finance,Analyst,3/25/2019,F, laura crawford377@example.com,131-801-0982
 John Chen,40,60260,Male,Sales,Analyst,12/1/2019,C, john chen130@example.com,
 Robyn Kelly,35,55000,Female,Finance,Analyst,2/20/2020,A,,240-700-4508
 Reginald Gonzalez,40,60260,Female,HR,Assistant,1/15/2020,C,,755-099-7804
 Stephanie Price,30,65000,Female,Sales,Manager,1/15/2020,D, stephanie price218@example.com,310-411-0788
 Molly Hernandez,25,50000,Male,IT,Director,1/15/2020,D, molly hernandez904@example.com,548-649-3323
 Lori Young,35,50000,Other,HR,Clerk,3/25/2019,F, lori young194@example.com,794-082-8529
 Kathleen Watts,30,50000,Other,Marketing,Manager,2/20/2020,F, kathleen watts194@example.com,421-352-8687
 Christopher Hanson,30,55000,Female,Finance,Clerk,2/20/2020,B, christopher hanson513@example.com,895-435-0106
 Kelly Gutierrez,35,55000,Female,HR,Director,3/25/2019,B, kelly gutierrez742@example.com,462-999-0597
 Mark Fisher,40,60000,Other,HR,Assistant,1/15/2020,D, mark fisher429@example.com,185-525-0864
 Jeremy Bowman,50,50000,Other,Sales,Analyst,1/15/2020,A, jeremy bowman594@example.com,191-225-2819
 Mrs. Samantha Ray,30,65000,Female,Sales,Analyst,12/1/2019,C, mrs. samantha ray459@example.com,619-145-4654
 Lisa Wilson,36,60260,Female,Sales,Assistant,4/5/2018,B, lisa wilson330@example.com,579-590-4960
 Katie Garrett,30,65000,Other,Marketing,Manager,2/20/2020,B, katie garrett612@example.com,744-101-0182
 Lisa Berg,50,60260,Male,Sales,Manager,2/20/2020,A, lisa berg700@example.com,818-000-0055
 Lynn Rogers,40,50000,Female,HR,Clerk,2/20/2020,A, lynn rogers724@example.com,422-447-6957
 Stephanie Elliott,40,50000,Other,Sales,Assistant,4/5/2018,F, stephanie elliott271@example.com,463-089-9418
 Amanda Rodriguez,36,50000,Other,IT,Manager,12/1/2019,C, amanda rodriguez116@example.com,256-889-0717
 Harry Conley,30,55000,Other,Sales,Assistant,4/5/2018,A,,911-533-4965
 Derek Villa,40,60260,Other,Marketing,Director,1/15/2020,B,,439-968-7039
 Bradley Dixon,50,55000,Male,IT,Analyst,1/15/2020,B, bradley dixon463@example.com,859-439-7038
 Christopher Richards,35,55000,Other,HR,Analyst,2/20/2020,D, christopher richards580@example.com,808-341-4584
 Cody Vargas,25,70000,Female,HR,Analyst,3/25/2019,A, cody vargas396@example.com,417-369-9702
 Kristin Martin,25,65000,Male,Finance,Assistant,2/20/2020,F, kristin martin717@example.com,380-704-4853
 Sharon Mendez,25,65000,Other,IT,Assistant,3/25/2019,C, sharon mendez467@example.com,931-169-3263
 Joan Cooper,30,60000,Male,Finance,Clerk,4/5/2018,F, joan cooper158@example.com,876-994-9024
 Rebecca Newman,36,55000,Female,IT,Analyst,1/15/2020,B,,632-013-4564
 Connie Marks,40,60260,Other,IT,Clerk,3/25/2019,F,,424-939-7830
 Sean Francis,35,70000,Female,Marketing,Analyst,4/5/2018,B, sean francis154@example.com,922-800-2269
 Ashley Larson,50,70000,Other,Finance,Clerk,1/15/2020,B, ashley larson297@example.com,650-449-1914
 Bethany Aguilar,35,65000,Other,Marketing,Clerk,3/25/2019,B, bethany aguilar774@example.com,585-617-4734
 Albert Park,50,55000,Other,IT,Director,2/20/2020,B, albert park930@example.com,404-758-2389
 Tina Doyle,30,60000,Other,HR,Clerk,2/20/2020,B, tina doyle111@example.com,476-396-9883
 Lori Warren,25,55000,Other,IT,Assistant,2/20/2020,D, lori warren285@example.com,877-807-6377
 Jade Miller,30,50000,Male,Marketing,Clerk,4/5/2018,F, jade miller326@example.com,111-254-1403
 David Lewis,36,55000,Other,Finance,Analyst,2/20/2020,D, david lewis122@example.com,923-153-5068
 Faith Clark,36,50000,Other,Finance,Clerk,12/1/2019,D, faith clark638@example.com,999-768-1411
 Kiara Weaver,50,50000,Male,Marketing,Manager,1/15/2020,A, kiara weaver267@example.com,788-838-7983
 Jane Porter,40,60000,Male,Finance,Analyst,4/5/2018,A, jane porter438@example.com,843-139-2932
 Blake Sutton,40,60260,Male,Sales,Manager,2/20/2020,A, blake sutton623@example.com,
 Joseph Stark Jr.,50,65000,Male,HR,Analyst,1/15/2020,C, joseph stark jr.207@example.com,396-235-5598
 Michele Turner,36,55000,Male,HR,Assistant,3/25/2019,A, michele turner608@example.com,
 Kelsey Mason,36,50000,Male,HR,Assistant,2/20/2020,F, kelsey mason693@example.com,649-451-2760
 Nicole Gonzales,36,55000,Other,Finance,Assistant,1/15/2020,D, nicole gonzales927@example.com,
 David Chavez,30,60260,Other,Finance,Manager,12/1/2019,F, david chavez831@example.com,475-437-8283
 Ashley Alexander,36,65000,Female,IT,Director,3/25/2019,A, ashley alexander457@example.com,914-392-8521
 Stephanie Henson MD,35,60260,Other,IT,Analyst,12/1/2019,C, stephanie henson md803@example.com,342-635-0757
 David Ramirez,25,65000,Other,HR,Assistant,1/15/2020,C, david ramirez962@example.com,668-364-7663
 Erin Collins,36,70000,Male,Sales,Analyst,12/1/2019,D, erin collins401@example.com,477-176-8623
 Daniel Wells,50,65000,Male,IT,Manager,1/15/2020,F, daniel wells865@example.com,253-087-4320
 Mikayla Allen,25,60000,Other,IT,Director,1/15/2020,B,,723-595-8390
 Jimmy Smith,30,60260,Female,Finance,Manager,12/1/2019,F,,322-340-5697
 Daniel Harrison,50,50000,Male,Sales,Analyst,1/15/2020,A,,161-500-6253
 Thomas Beltran,25,70000,Other,HR,Director,2/20/2020,B, thomas beltran650@example.com,895-243-2999
 Melissa Washington,50,60000,Other,IT,Director,1/15/2020,C, melissa washington220@example.com,438-066-8689
 Karen Stewart,30,55000,Female,Sales,Manager,4/5/2018,D, karen stewart293@example.com,994-166-3714
 Natalie Walker,35,60260,Female,Sales,Assistant,1/15/2020,D, natalie walker556@example.com,921-652-7348
 Monica Graham,30,50000,Male,HR,Analyst,4/5/2018,C, monica graham853@example.com,421-722-5815
 Daniel Kelley,30,65000,Female,Sales,Clerk,1/15/2020,A, daniel kelley491@example.com,847-835-2776
 Dustin Price,50,50000,Other,Sales,Clerk,1/15/2020,C, dustin price696@example.com,710-260-4200
 Dennis Manning,40,55000,Other,Sales,Manager,12/1/2019,A, dennis manning702@example.com,927-606-6627
 John Austin,36,70000,Female,IT,Analyst,2/20/2020,B, john austin283@example.com,575-510-5278
 Danielle Reid,36,70000,Female,HR,Analyst,2/20/2020,C, danielle reid333@example.com,981-225-8291
 Courtney Peterson,35,60260,Female,Sales,Manager,3/25/2019,A, courtney peterson879@example.com,
 Gregory Thomas,35,70000,Female,Sales,Analyst,12/1/2019,B, gregory thomas829@example.com,485-000-2724
 Heather Friedman,36,60260,Male,IT,Assistant,12/1/2019,C, heather friedman415@example.com,578-630-4117
 Jacob Liu,40,60260,Female,HR,Manager,2/20/2020,D, jacob liu906@example.com,
 Timothy Mullins,36,60260,Male,Finance,Assistant,12/1/2019,C, timothy mullins557@example.com,356-222-8035
 Lisa David,40,65000,Other,IT,Analyst,2/20/2020,F, lisa david494@example.com,
 Cassandra Brown MD,35,60000,Female,HR,Manager,12/1/2019,C, cassandra brown md496@example.com,571-052-5613
 Jennifer Edwards,25,60260,Male,Sales,Analyst,1/15/2020,F, jennifer edwards217@example.com,427-533-2687
 Luis Bailey,50,60260,Female,HR,Manager,2/20/2020,B, luis bailey872@example.com,381-483-1144
 Amy Burns,35,60000,Other,HR,Analyst,2/20/2020,C, amy burns726@example.com,721-906-0711
 Lynn Ware,35,50000,Other,HR,Assistant,4/5/2018,B, lynn ware875@example.com,367-743-9621
 Gary Ramos,30,60260,Other,Finance,Assistant,12/1/2019,B, gary ramos979@example.com,299-350-1403
 Frederick Terry,30,65000,Female,HR,Analyst,12/1/2019,A, frederick terry976@example.com,218-846-2865
 Sierra Williams,30,70000,Female,Finance,Manager,2/20/2020,B, sierra williams761@example.com,100-806-8210
 Jodi Solomon,50,70000,Male,Sales,Clerk,1/15/2020,B, jodi solomon367@example.com,765-533-5418
 Daniel Harris,30,55000,Other,Finance,Assistant,1/15/2020,C,,829-234-4646
 Christopher Smith,40,55000,Female,Sales,Assistant,1/15/2020,C, christopher smith901@example.com,642-373-1098
 Fernando Bautista,36,70000,Other,Sales,Clerk,12/1/2019,D,,364-807-7248
 David Wilson,25,70000,Other,Finance,Analyst,4/5/2018,A, david wilson404@example.com,613-963-9032
 Tracy Butler,35,65000,Male,IT,Manager,2/20/2020,B, tracy butler543@example.com,223-613-6183
 Anthony Humphrey,40,60000,Male,Marketing,Analyst,3/25/2019,A, anthony humphrey438@example.com,232-481-4987
 Helen Zuniga MD,25,55000,Male,HR,Director,4/5/2018,F, helen zuniga md947@example.com,645-942-5152
 Ashley Mack,40,60000,Male,Marketing,Assistant,3/25/2019,B, ashley mack277@example.com,505-532-2946
 David King,40,65000,Other,HR,Director,4/5/2018,A, david king723@example.com,641-668-6331
 Mary Lewis,35,70000,Male,HR,Assistant,1/15/2020,D, mary lewis108@example.com,170-386-6411
 Brittany Simpson,36,60260,Male,Sales,Assistant,12/1/2019,D, brittany simpson947@example.com,151-880-4118
 Christina Stephens,30,60000,Male,HR,Director,3/25/2019,B, christina stephens470@example.com,
 Danielle Sellers,50,70000,Male,HR,Director,4/5/2018,F, danielle sellers957@example.com,
 Andrew Barron,36,70000,Other,Finance,Analyst,12/1/2019,D, andrew barron567@example.com,
 Katherine Wilson DDS,50,50000,Male,Marketing,Director,3/25/2019,D, katherine wilson dds310@example.com,
 Jeremy Atkinson,35,60000,Other,Finance,Analyst,2/20/2020,F, jeremy atkinson596@example.com,357-641-5772
 Daniel Cruz,35,60260,Female,HR,Analyst,4/5/2018,A, daniel cruz345@example.com,470-577-3348
 Wayne Hughes,35,60000,Other,Sales,Analyst,2/20/2020,D, wayne hughes851@example.com,
 Jose Reynolds,25,70000,Other,Finance,Assistant,1/15/2020,C, jose reynolds280@example.com,415-396-1228
 Renee Simmons,50,60260,Male,Finance,Assistant,2/20/2020,D, renee simmons485@example.com,508-078-5671
 William Cross,36,65000,Female,IT,Director,2/20/2020,A, william cross581@example.com,742-108-9774
 Madison Lutz,36,50000,Female,HR,Assistant,4/5/2018,A, madison lutz892@example.com,426-012-5196
 Emily Ruiz,40,70000,Female,Sales,Director,1/15/2020,B, emily ruiz178@example.com,916-032-2513
 Julie Abbott,40,55000,Female,Finance,Assistant,2/20/2020,C,,584-945-5436
 William Summers,40,55000,Other,Finance,Manager,12/1/2019,A,,134-800-1407
 Angela Johnson,35,50000,Female,Sales,Manager,3/25/2019,F,,577-276-7683
 Jessica Rivera,36,65000,Other,HR,Director,2/20/2020,C, jessica rivera321@example.com,915-637-5300
 Suzanne Jones,50,70000,Other,IT,Assistant,1/15/2020,C, suzanne jones208@example.com,389-046-9025
 Karina Rivera,35,60000,Other,Finance,Assistant,2/20/2020,F, karina rivera494@example.com,977-882-2759
 John Adkins,25,50000,Female,IT,Analyst,3/25/2019,D, john adkins623@example.com,767-564-0449
 Andrew Graham,40,65000,Male,Marketing,Clerk,1/15/2020,F, andrew graham769@example.com,196-397-8178
 Joshua Patterson,35,60000,Male,HR,Director,4/5/2018,F, joshua patterson204@example.com,212-754-5374
 Thomas Trevino,35,55000,Female,Marketing,Clerk,1/15/2020,D, thomas trevino184@example.com,356-896-5738
 Tamara Lindsey,25,55000,Male,Marketing,Clerk,4/5/2018,D, tamara lindsey607@example.com,904-100-0596
 April Thompson,30,60000,Male,Marketing,Director,1/15/2020,D, april thompson875@example.com,196-163-3296
 Andrew Olson,36,50000,Other,HR,Assistant,3/25/2019,D, andrew olson211@example.com,425-597-4440
 Robert Woodward DVM,50,55000,Other,HR,Director,3/25/2019,D, robert woodward dvm627@example.com,572-932-7777
 Johnny King,30,70000,Female,Sales,Clerk,1/15/2020,F, johnny king591@example.com,167-461-8545
 Andrew Johnson,40,60260,Female,IT,Assistant,2/20/2020,B, andrew johnson271@example.com,497-479-5808
 Nicholas Williams,35,60000,Male,IT,Manager,3/25/2019,B, nicholas williams871@example.com,290-326-9876
 Amanda Daniel,25,60000,Other,Sales,Director,4/5/2018,A, amanda daniel768@example.com,296-899-9693
 Ricky Johnson,25,55000,Female,Sales,Director,4/5/2018,B, ricky johnson290@example.com,686-218-6571
 Johnny Weber,36,50000,Female,Marketing,Assistant,12/1/2019,B, johnny weber154@example.com,609-744-0805
 Robert Jones,30,70000,Female,Sales,Manager,4/5/2018,F, robert jones405@example.com,391-841-1316
 Stephanie Liu,36,50000,Female,Finance,Manager,12/1/2019,D, stephanie liu802@example.com,261-569-2081
 Benjamin Benton,35,65000,Female,IT,Assistant,1/15/2020,D, benjamin benton678@example.com,398-830-1264
 Michael Smith,36,65000,Female,Sales,Analyst,1/15/2020,F, michael smith990@example.com,428-791-2054
 Austin Morris,50,60260,Male,Finance,Director,1/15/2020,B,,272-481-0519
 Lori Smith DDS,25,55000,Other,Finance,Director,2/20/2020,F,,457-495-7150
 Jose Pena,25,55000,Other,Finance,Clerk,2/20/2020,A, jose pena369@example.com,313-152-2390
 Jose Diaz,40,55000,Female,Finance,Assistant,12/1/2019,D, jose diaz273@example.com,902-818-4301
 Megan Young,40,60260,Other,Marketing,Clerk,4/5/2018,C, megan young412@example.com,
 Kevin Dunn,35,65000,Other,Finance,Clerk,4/5/2018,A, kevin dunn358@example.com,846-183-8913
 Mr. Jason Jordan,50,50000,Other,Marketing,Manager,1/15/2020,A, mr. jason jordan529@example.com,241-120-2328
 Zachary Gibson,30,60260,Female,Marketing,Director,3/25/2019,F, zachary gibson644@example.com,
 Diana Reed,36,60260,Female,Finance,Clerk,2/20/2020,B, diana reed766@example.com,811-753-4103
 Misty Williams,35,50000,Other,IT,Manager,2/20/2020,D, misty williams997@example.com,282-909-7781
 Sarah Rich MD,40,55000,Other,Finance,Assistant,1/15/2020,C, sarah rich md271@example.com,
 Bryan Hester,36,70000,Female,Finance,Clerk,2/20/2020,A, bryan hester534@example.com,436-956-4513
 Amy Miller,40,50000,Male,Finance,Director,1/15/2020,C,,614-214-7248
 Robin Sutton,36,65000,Other,IT,Clerk,12/1/2019,B,,317-685-2189
 Christian Martin,30,60000,Male,HR,Assistant,4/5/2018,B,,597-441-8944
 Kathryn Branch,35,60000,Other,HR,Clerk,3/25/2019,C, kathryn branch894@example.com,943-650-8048
 Kevin Fields,36,60260,Male,Marketing,Director,4/5/2018,D, kevin fields534@example.com,144-237-3271
 Theresa Reid,50,60000,Male,Marketing,Manager,4/5/2018,B, theresa reid632@example.com,258-130-1467
 Michelle Cooper,25,70000,Male,IT,Director,12/1/2019,C, michelle cooper528@example.com,783-000-7557
 Sherri Brown,50,55000,Female,Sales,Manager,2/20/2020,A, sherri brown443@example.com,303-023-6077
 Richard Wood,50,65000,Male,HR,Analyst,3/25/2019,C, richard wood565@example.com,916-119-2124
 Krystal Montgomery,25,70000,Male,Marketing,Director,2/20/2020,C, krystal montgomery383@example.com,975-816-3565
 Angel Sparks,50,65000,Male,HR,Director,4/5/2018,F, angel sparks663@example.com,
 Meagan Bell,36,65000,Other,IT,Assistant,1/15/2020,B, meagan bell743@example.com,216-717-8291
 Dorothy Dalton,36,55000,Male,IT,Clerk,4/5/2018,D,,330-676-3610
 Charles Kemp,36,60260,Other,Sales,Manager,2/20/2020,D,,
 Jeffery Chavez,25,60000,Male,Sales,Manager,4/5/2018,F,,
 Jacqueline Williams,50,55000,Male,IT,Assistant,1/15/2020,D,,980-599-6667
 Alyssa Woods,25,70000,Female,Marketing,Assistant,12/1/2019,C, alyssa woods536@example.com,273-383-5585
 Thomas Little,36,60260,Other,HR,Clerk,2/20/2020,F, thomas little258@example.com,112-467-9936
 Bryan Holland,50,70000,Male,Finance,Clerk,4/5/2018,A, bryan holland323@example.com,788-343-1066
 Adam Lewis,50,60260,Other,Sales,Director,2/20/2020,B, adam lewis201@example.com,985-997-0086
 Jeremy Nicholson,40,70000,Other,Finance,Analyst,12/1/2019,B, jeremy nicholson659@example.com,483-305-2681
 Shelly Shah,40,55000,Female,Marketing,Clerk,4/5/2018,B, shelly shah957@example.com,794-090-8426
 Thomas West,30,60260,Female,Sales,Assistant,4/5/2018,C, thomas west655@example.com,431-470-5053
 Robin Pittman,35,60260,Female,Finance,Clerk,2/20/2020,A, robin pittman291@example.com,790-660-3425
 Frederick Thomas,40,65000,Female,Marketing,Manager,2/20/2020,F, frederick thomas855@example.com,629-839-7674
 Kelsey Pacheco,25,65000,Female,HR,Analyst,1/15/2020,F, kelsey pacheco262@example.com,828-271-8252
 Matthew Roberts,40,50000,Female,Marketing,Director,12/1/2019,B, matthew roberts450@example.com,693-210-2552
 Ashley Jordan,30,70000,Female,Sales,Manager,1/15/2020,A, ashley jordan353@example.com,340-225-4587
 Joshua Potter,50,65000,Female,IT,Manager,4/5/2018,A, joshua potter992@example.com,484-945-9003
 Robert Kennedy,30,50000,Male,HR,Analyst,2/20/2020,A, robert kennedy991@example.com,187-075-5040
 Nicholas Ramirez MD,50,65000,Other,Finance,Director,4/5/2018,D, nicholas ramirez md858@example.com,385-859-7117
 Melinda Johnson,50,70000,Female,Sales,Assistant,4/5/2018,D,,790-606-6342
 Willie Nelson,35,60260,Female,IT,Director,3/25/2019,B, willie nelson278@example.com,297-904-1042
 Dr. Melinda Price,40,60000,Other,Marketing,Clerk,3/25/2019,A, dr. melinda price916@example.com,165-412-8390
 Daniel Johnson,25,70000,Male,IT,Manager,4/5/2018,A,,930-954-3271
 Mr. Charles Lane,25,55000,Other,Sales,Clerk,2/20/2020,F, mr. charles lane877@example.com,458-128-3369
 Andrea Lewis,36,65000,Other,Sales,Assistant,4/5/2018,F, andrea lewis177@example.com,183-920-2351
 Sarah Mcdaniel,50,65000,Female,IT,Clerk,3/25/2019,B, sarah mcdaniel908@example.com,859-163-1294
 Benjamin Perez,25,60260,Other,Marketing,Director,2/20/2020,A, benjamin perez143@example.com,703-118-9564
 Stacey Leonard,35,55000,Other,IT,Clerk,4/5/2018,B, stacey leonard262@example.com,898-332-0391
 Anthony Jefferson,50,60260,Female,Sales,Assistant,12/1/2019,F, anthony jefferson358@example.com,855-733-8654
 Christopher Sanders,35,55000,Female,Sales,Assistant,12/1/2019,F, christopher sanders404@example.com,873-863-3733
 Timothy Henry,25,60000,Female,Finance,Assistant,4/5/2018,D, timothy henry274@example.com,954-478-9692
 Elizabeth Peterson,25,65000,Female,Finance,Director,2/20/2020,B, elizabeth peterson812@example.com,471-412-5544
 Joel Armstrong PhD,36,65000,Other,HR,Assistant,4/5/2018,B, joel armstrong phd448@example.com,984-039-7390
 Bryan Johnson,25,60000,Other,Sales,Manager,4/5/2018,A, bryan johnson770@example.com,470-263-7874
 Ethan Cline,50,50000,Male,Finance,Assistant,3/25/2019,A, ethan cline977@example.com,645-278-6393
 Michael Burnett,50,60260,Male,IT,Clerk,12/1/2019,D, michael burnett221@example.com,545-299-9204
 Dr. Nicole Mcconnell DVM,50,60000,Other,Marketing,Clerk,3/25/2019,C, dr. nicole mcconnell dvm395@example.com,253-778-2875
 David Greene,36,60260,Male,IT,Clerk,3/25/2019,C, david greene168@example.com,559-309-2702
 Shane Swanson,36,70000,Other,Marketing,Director,4/5/2018,C, shane swanson640@example.com,784-915-0498
 Elizabeth Taylor,25,65000,Male,Finance,Clerk,3/25/2019,B, elizabeth taylor263@example.com,357-983-1277
 Mary Gomez,30,60260,Female,HR,Director,12/1/2019,B,,702-252-8732
 Ashley Bartlett,30,55000,Male,IT,Director,3/25/2019,F,,
 Linda Hall,36,60260,Female,IT,Assistant,12/1/2019,B,,604-010-4933
 James Rice,25,70000,Female,IT,Manager,3/25/2019,B, james rice233@example.com,927-286-1177
 James Coleman,30,65000,Female,Marketing,Assistant,12/1/2019,B, james coleman982@example.com,
 Allison Lopez,25,60000,Female,Finance,Assistant,3/25/2019,D, allison lopez575@example.com,849-234-8066
 Michael Ward,25,70000,Male,IT,Director,3/25/2019,B, michael ward140@example.com,256-013-3855
 Mark Bryant,25,65000,Other,IT,Director,2/20/2020,A, mark bryant951@example.com,648-971-4708
 Austin Wright,40,60260,Female,HR,Clerk,12/1/2019,A, austin wright387@example.com,437-276-6161
 Renee Powell,50,50000,Male,HR,Clerk,12/1/2019,F, renee powell482@example.com,297-342-2281
 Megan Watson,25,50000,Female,Finance,Assistant,12/1/2019,D, megan watson344@example.com,593-821-7177
 Nicholas Gutierrez,40,55000,Male,Finance,Analyst,1/15/2020,A, nicholas gutierrez569@example.com,416-819-7915
 Kendra Reyes,36,65000,Male,Sales,Analyst,3/25/2019,D, kendra reyes363@example.com,372-538-9514
 Tracy Simpson,30,50000,Male,HR,Clerk,12/1/2019,D, tracy simpson632@example.com,758-705-1572
 Jaclyn Todd,50,60000,Other,Sales,Analyst,1/15/2020,F,,687-955-5796
 Makayla Gonzales,30,65000,Male,Marketing,Clerk,2/20/2020,D, makayla gonzales641@example.com,554-004-5237
 David Molina,50,60000,Male,Sales,Director,12/1/2019,B,,314-025-4575
 Alex Hill,30,60000,Other,IT,Assistant,12/1/2019,D, alex hill547@example.com,277-549-1089
 Francisco Johnson,50,50000,Other,Sales,Manager,1/15/2020,F, francisco johnson377@example.com,978-580-7642
 Margaret Flores,30,65000,Male,Finance,Assistant,3/25/2019,F, margaret flores213@example.com,878-984-1780
 Michael York,30,60260,Other,Marketing,Clerk,2/20/2020,F, michael york604@example.com,362-218-9871
 Barbara Graham,30,70000,Female,IT,Clerk,12/1/2019,A, barbara graham344@example.com,129-608-6967
 James Brock,30,50000,Female,Sales,Assistant,3/25/2019,B, james brock255@example.com,950-305-4124
 Maureen Gillespie,36,50000,Other,Marketing,Clerk,2/20/2020,A, maureen gillespie566@example.com,674-981-1587
 Robert Smith,25,60260,Other,Marketing,Analyst,4/5/2018,C, robert smith595@example.com,588-346-9897
 Lisa Hines,35,65000,Male,IT,Analyst,4/5/2018,B, lisa hines260@example.com,946-486-3512
 Kelly Ward,40,65000,Other,Sales,Clerk,2/20/2020,D, kelly ward374@example.com,659-497-0646
 Sarah Benton,35,60000,Male,Marketing,Clerk,1/15/2020,F, sarah benton585@example.com,870-863-4987
 Danielle Mcclure,35,60260,Female,Marketing,Analyst,2/20/2020,C, danielle mcclure371@example.com,554-090-9388
 Robert Nelson,50,60260,Other,HR,Clerk,2/20/2020,B, robert nelson780@example.com,816-863-9478
 John Ross,25,65000,Male,Marketing,Clerk,1/15/2020,A, john ross139@example.com,554-517-9969
 Andrew Campbell,50,60000,Male,HR,Assistant,1/15/2020,F, andrew campbell944@example.com,729-139-0818
 Natasha Church,25,50000,Female,Sales,Manager,3/25/2019,A, natasha church440@example.com,694-667-4240
 Beth Flowers,25,55000,Other,Sales,Analyst,3/25/2019,B, beth flowers736@example.com,311-255-4228
 Johnny Pitts,30,70000,Female,Sales,Assistant,1/15/2020,B, johnny pitts747@example.com,445-899-5271
 Justin Barajas,36,50000,Male,Finance,Manager,4/5/2018,C, justin barajas988@example.com,303-391-5242
 Kathleen Hoover,30,65000,Male,Sales,Clerk,4/5/2018,D, kathleen hoover891@example.com,148-867-6083
 Elizabeth Mcgee,36,70000,Other,Marketing,Clerk,2/20/2020,A, elizabeth mcgee432@example.com,191-985-3082
 Jodi Johnson,50,55000,Male,IT,Assistant,12/1/2019,C, jodi johnson721@example.com,166-099-8866
 Andrew Ayala,36,55000,Other,HR,Clerk,2/20/2020,F, andrew ayala255@example.com,793-659-9467
 Michael Ray,50,60000,Female,Finance,Director,2/20/2020,D, michael ray810@example.com,492-789-2885
 Charles Hart,35,70000,Other,Sales,Assistant,12/1/2019,C, charles hart311@example.com,400-860-0295
 Jamie Hoover,35,60000,Other,Sales,Manager,1/15/2020,A, jamie hoover247@example.com,423-316-5469
 Howard Williams,36,50000,Male,IT,Assistant,4/5/2018,B, howard williams112@example.com,569-419-1773
 Mrs. Kimberly Nguyen,36,60260,Male,IT,Analyst,2/20/2020,F, mrs. kimberly nguyen274@example.com,599-651-8920
 Nathaniel Liu,50,60260,Other,Finance,Assistant,12/1/2019,A, nathaniel liu911@example.com,792-696-2006
 Toni Valenzuela,30,60260,Male,HR,Clerk,3/25/2019,D, toni valenzuela201@example.com,924-574-9423
 Mitchell Merritt,50,70000,Male,Sales,Clerk,2/20/2020,D, mitchell merritt600@example.com,469-550-7390
 Richard Lewis,30,60260,Male,Finance,Director,4/5/2018,B, richard lewis539@example.com,211-986-4567
 George Sheppard,35,50000,Other,Marketing,Director,1/15/2020,B, george sheppard281@example.com,873-051-5434
 Kristina Galloway,25,60000,Male,Marketing,Director,2/20/2020,F, kristina galloway426@example.com,225-603-2597
 Debbie Simmons,36,70000,Other,Finance,Manager,2/20/2020,F, debbie simmons768@example.com,263-371-2477
 Ralph Lee,30,60000,Male,Sales,Director,12/1/2019,B, ralph lee839@example.com,
 Tammy Lopez,50,70000,Female,Finance,Manager,3/25/2019,B, tammy lopez935@example.com,666-669-8032
 John Trujillo,35,60000,Male,Sales,Director,3/25/2019,D, john trujillo402@example.com,
 Amber Murphy,30,55000,Male,IT,Manager,1/15/2020,B, amber murphy609@example.com,221-661-0553
 Theresa Coleman,50,60000,Other,Finance,Assistant,4/5/2018,C, theresa coleman360@example.com,
 John Manning,36,60260,Other,Sales,Assistant,1/15/2020,A, john manning353@example.com,882-993-0246
 Rebecca Castillo,36,55000,Male,Finance,Clerk,2/20/2020,B, rebecca castillo917@example.com,615-999-3704
 Brian Stone,40,60000,Female,Finance,Manager,2/20/2020,F, brian stone377@example.com,918-261-4419
 Madison Cervantes,25,70000,Male,Sales,Analyst,3/25/2019,C, madison cervantes897@example.com,743-733-1021
 Susan Benson,40,70000,Male,Sales,Clerk,4/5/2018,F, susan benson859@example.com,617-625-1812
 Joseph Phillips,35,70000,Female,HR,Assistant,12/1/2019,C, joseph phillips283@example.com,134-947-9089
 Zachary Nielsen,30,65000,Other,Finance,Manager,4/5/2018,B, zachary nielsen195@example.com,924-145-8950
 Kristina Johnson,35,50000,Male,Marketing,Director,2/20/2020,A, kristina johnson329@example.com,205-917-7022
 Bruce Huffman,50,70000,Other,Finance,Analyst,12/1/2019,F, bruce huffman747@example.com,191-178-4802
 Joshua Hall,36,55000,Other,Finance,Assistant,4/5/2018,C, joshua hall638@example.com,246-045-7098
 Eugene Zavala,40,70000,Female,Sales,Clerk,4/5/2018,D, eugene zavala339@example.com,627-424-9214
 Jeremy Moran,40,65000,Female,Finance,Manager,12/1/2019,B, jeremy moran450@example.com,544-215-2059
 Anna Mack,40,60260,Other,Finance,Analyst,2/20/2020,A, anna mack480@example.com,680-353-6261
 Robert Garza,35,55000,Male,Marketing,Manager,4/5/2018,B, robert garza862@example.com,632-135-4839
 Christina Martin,36,65000,Other,Sales,Director,12/1/2019,D, christina martin863@example.com,498-135-2613
 Michelle Scott,30,60260,Male,Finance,Clerk,2/20/2020,A, michelle scott692@example.com,352-767-5232
 Chelsea Taylor,50,55000,Male,IT,Manager,12/1/2019,D, chelsea taylor916@example.com,104-934-8117
 Dr. Gary Rodriguez II,30,60000,Female,HR,Assistant,12/1/2019,B, dr. gary rodriguez ii862@example.com,436-054-9389
 Anthony Davis,35,50000,Male,Marketing,Clerk,4/5/2018,C,,131-356-9777
 Dawn Taylor,50,50000,Male,Finance,Assistant,2/20/2020,B, dawn taylor994@example.com,
 Sean Morales,40,65000,Other,IT,Manager,4/5/2018,B,,
 Stephanie Rogers,25,60260,Female,Finance,Clerk,1/15/2020,B, stephanie rogers651@example.com,
 Tammy Miranda,35,50000,Male,Finance,Assistant,1/15/2020,F, tammy miranda201@example.com,953-878-3005
 Kathleen Reyes,35,60260,Male,Sales,Director,2/20/2020,D, kathleen reyes834@example.com,
 Brandon Anderson,36,60260,Female,Sales,Director,12/1/2019,D, brandon anderson321@example.com,
 Samuel Sutton,30,65000,Other,Sales,Manager,4/5/2018,D, samuel sutton362@example.com,604-609-8484
 Keith Wagner,35,65000,Female,IT,Clerk,4/5/2018,F, keith wagner129@example.com,535-316-3117
 Robert West,35,65000,Female,Finance,Analyst,2/20/2020,C, robert west549@example.com,477-511-8598
 Joseph Torres,40,50000,Male,HR,Clerk,2/20/2020,B, joseph torres826@example.com,535-450-2137
 Douglas Ball,40,65000,Male,Marketing,Director,1/15/2020,C, douglas ball314@example.com,377-145-5954
 Thomas Henry,50,50000,Other,Sales,Assistant,3/25/2019,F, thomas henry790@example.com,532-368-1987
 Terry Clark,25,65000,Male,Sales,Analyst,2/20/2020,D, terry clark775@example.com,434-212-6381
 Timothy Young,36,70000,Male,Finance,Manager,3/25/2019,B, timothy young676@example.com,560-155-2860
 Michael Wilson,25,60260,Female,Finance,Analyst,2/20/2020,A, michael wilson233@example.com,966-909-6590
 James Fuller,50,65000,Male,IT,Manager,12/1/2019,A, james fuller650@example.com,254-216-5673
 Joseph Rogers,40,55000,Other,IT,Analyst,12/1/2019,C, joseph rogers896@example.com,142-629-4040
 Janet Hogan,30,60260,Female,Sales,Manager,1/15/2020,D, janet hogan640@example.com,750-184-5688
 John Anderson,40,60260,Other,Finance,Manager,1/15/2020,A, john anderson442@example.com,223-646-7478
 Alexandra Sherman,36,65000,Female,HR,Analyst,3/25/2019,C, alexandra sherman761@example.com,666-353-0770
 Mr. Stephen Marshall DVM,40,60000,Male,Marketing,Analyst,2/20/2020,F,,696-201-1150
 Melvin Clark,36,65000,Female,Finance,Manager,4/5/2018,C, melvin clark247@example.com,137-582-5159
 Jason Fox,36,60260,Female,Finance,Director,1/15/2020,C,,484-762-6391
 Frank Jackson,36,55000,Male,IT,Analyst,4/5/2018,C,,250-346-0784
 Patrick Mcbride,50,60260,Male,Marketing,Clerk,4/5/2018,B,,492-961-2227
 Sharon Smith,36,55000,Other,Sales,Assistant,2/20/2020,C, sharon smith628@example.com,239-811-2694
 Gregory Cook,36,50000,Other,Finance,Manager,3/25/2019,C, gregory cook861@example.com,891-933-3000
 Christopher Cline,30,70000,Male,Sales,Manager,2/20/2020,B, christopher cline330@example.com,889-034-9796
 Joseph Thompson,25,60260,Male,Finance,Assistant,1/15/2020,B, joseph thompson536@example.com,803-194-7656
 Mark Mcmahon,35,65000,Male,Sales,Director,4/5/2018,F, mark mcmahon916@example.com,297-107-2664
 Nicole Hayes,25,50000,Female,Marketing,Assistant,2/20/2020,D, nicole hayes934@example.com,105-999-1458
 Laura Brown,36,70000,Female,IT,Analyst,2/20/2020,A, laura brown106@example.com,570-148-7561
 Robert Melton,30,65000,Female,Marketing,Assistant,2/20/2020,A, robert melton837@example.com,961-326-4878
 Angela Oneal,40,60000,Male,HR,Manager,1/15/2020,C,,198-829-3181
 Keith Brown,30,65000,Other,IT,Assistant,3/25/2019,F, keith brown971@example.com,716-495-9852
 John Booth,36,55000,Male,Marketing,Clerk,2/20/2020,C, john booth415@example.com,665-842-9321
 Taylor Norman,30,55000,Female,HR,Analyst,1/15/2020,A, taylor norman814@example.com,453-794-6173
 Brian Doyle,30,60000,Female,Finance,Assistant,4/5/2018,B, brian doyle364@example.com,183-609-8888
 Dr. Gary Obrien,36,50000,Male,Finance,Manager,12/1/2019,D, dr. gary obrien504@example.com,
 Elizabeth Garcia,50,70000,Male,Sales,Analyst,1/15/2020,F, elizabeth garcia489@example.com,
 Michael Huerta,30,65000,Female,IT,Manager,12/1/2019,B, michael huerta189@example.com,448-653-4557
 Kevin Friedman,35,55000,Female,Finance,Director,2/20/2020,D, kevin friedman273@example.com,766-637-0458
 Dr. Christine Williams,35,50000,Female,IT,Clerk,2/20/2020,F,,517-469-6743
 Michelle Sanchez,30,60000,Male,Finance,Director,1/15/2020,F,,
 Monica Carroll,50,60260,Female,Sales,Clerk,12/1/2019,A,,675-582-0032
 Daniel Ortiz,40,55000,Female,Marketing,Assistant,2/20/2020,B, daniel ortiz496@example.com,932-160-0307
 Jennifer Jackson,36,60000,Other,Sales,Analyst,4/5/2018,F, jennifer jackson778@example.com,
 Kristine Sanders,35,65000,Male,HR,Assistant,3/25/2019,F, kristine sanders581@example.com,607-178-6227
 Ashley Reyes,40,70000,Other,Finance,Clerk,3/25/2019,D, ashley reyes478@example.com,281-143-2472
 James Jordan,30,55000,Other,HR,Clerk,2/20/2020,A, james jordan512@example.com,541-716-7587
 Thomas French,40,55000,Female,HR,Clerk,12/1/2019,C, thomas french332@example.com,252-315-4922
 John Graham,25,65000,Male,IT,Manager,2/20/2020,A, john graham893@example.com,687-972-3808
 Erin Rivera PhD,35,60260,Female,Finance,Analyst,12/1/2019,C, erin rivera phd671@example.com,902-810-3417
 Andrew Vargas,30,50000,Male,HR,Assistant,4/5/2018,B, andrew vargas662@example.com,862-781-6025
 Tina Jimenez,36,70000,Other,Marketing,Assistant,12/1/2019,B, tina jimenez767@example.com,585-128-4457
 Ricardo Rosales,50,55000,Male,HR,Director,2/20/2020,F, ricardo rosales449@example.com,
 Amanda Scott,30,70000,Female,Marketing,Clerk,4/5/2018,B, amanda scott761@example.com,
 Tyler Martinez,36,55000,Female,IT,Clerk,1/15/2020,F, tyler martinez835@example.com,
 Beth Smith,50,70000,Female,HR,Clerk,3/25/2019,A, beth smith545@example.com,333-901-0905
 Jeremy Schmitt,50,60000,Male,Sales,Assistant,2/20/2020,B, jeremy schmitt356@example.com,292-983-4295
 Elizabeth Hensley,30,55000,Other,IT,Director,2/20/2020,A, elizabeth hensley404@example.com,883-420-9171
 Briana Long,40,70000,Other,Marketing,Manager,2/20/2020,A, briana long732@example.com,399-490-3595
 Michael Adams,40,50000,Male,IT,Analyst,4/5/2018,B, michael adams709@example.com,772-889-8554
 Danny Francis,50,60000,Female,HR,Manager,1/15/2020,A, danny francis309@example.com,370-963-7888
 Robert Dyer,40,60000,Other,Finance,Assistant,12/1/2019,B, robert dyer720@example.com,512-737-8091
 Andres Johnson,25,50000,Female,Finance,Clerk,1/15/2020,B, andres johnson912@example.com,640-503-0313
 Clinton Romero,50,70000,Male,Marketing,Analyst,4/5/2018,B, clinton romero808@example.com,795-564-3037
 Karen Cruz,50,65000,Female,Marketing,Assistant,2/20/2020,C, karen cruz281@example.com,743-818-8396
 Scott Jones,36,50000,Other,Finance,Assistant,3/25/2019,A, scott jones657@example.com,363-795-3429
 Barry Payne,40,70000,Other,Marketing,Assistant,2/20/2020,D, barry payne222@example.com,574-783-1408
 Toni Stein,50,50000,Female,IT,Analyst,12/1/2019,B, toni stein691@example.com,544-112-5782
 Jeffrey Hernandez,25,50000,Male,Sales,Analyst,3/25/2019,A, jeffrey hernandez260@example.com,230-564-7120
 Kelsey Greene,36,55000,Female,Sales,Director,2/20/2020,F, kelsey greene318@example.com,129-957-2144
 Edward Velazquez,30,70000,Male,IT,Director,3/25/2019,B, edward velazquez570@example.com,947-612-1002
 Joseph White,50,65000,Female,Sales,Manager,1/15/2020,B, joseph white613@example.com,435-051-4159
 Deanna Collins,25,55000,Other,HR,Analyst,4/5/2018,D, deanna collins409@example.com,672-700-9546
 Jennifer Petersen,35,50000,Male,IT,Analyst,2/20/2020,C, jennifer petersen712@example.com,927-768-2824
 Tara Adams,25,60260,Male,Marketing,Analyst,12/1/2019,C, tara adams488@example.com,144-870-4730
 Henry Allen,25,50000,Male,IT,Director,1/15/2020,B,,335-381-5693
 Madeline Hawkins,36,50000,Other,Finance,Assistant,2/20/2020,A,,362-143-1828
 Sarah Thompson,30,70000,Female,Marketing,Clerk,1/15/2020,F,,825-690-7212
 Amber Deleon,35,70000,Other,Finance,Director,12/1/2019,F,,144-852-7765
 Edwin Torres,40,55000,Male,Marketing,Analyst,2/20/2020,A, edwin torres208@example.com,
 Tina Rodriguez,40,65000,Female,Sales,Director,12/1/2019,B, tina rodriguez790@example.com,
 Eric Martin,25,55000,Other,IT,Manager,3/25/2019,F, eric martin189@example.com,619-465-8682
 William Watts,36,60000,Male,HR,Analyst,12/1/2019,C, william watts127@example.com,796-089-5485
 Sherry Barrera,36,50000,Male,Marketing,Manager,3/25/2019,A, sherry barrera833@example.com,
 Ronald Callahan,40,60260,Other,Marketing,Analyst,2/20/2020,D, ronald callahan525@example.com,574-473-2482
 Raymond Graves,35,50000,Other,Finance,Director,3/25/2019,B, raymond graves238@example.com,741-432-1189
 Madison Stone,30,50000,Other,Sales,Assistant,2/20/2020,A, madison stone462@example.com,587-899-9862
 Erik King,35,55000,Male,Finance,Clerk,2/20/2020,F, erik king645@example.com,881-266-4675
 Douglas Hall,50,60260,Other,Finance,Manager,4/5/2018,B, douglas hall277@example.com,489-394-1999
 Jeffrey Reyes,50,60260,Male,Sales,Director,2/20/2020,C, jeffrey reyes943@example.com,339-049-4722
 Michael Andersen,30,60260,Other,HR,Assistant,3/25/2019,B, michael andersen661@example.com,633-354-3614
 Brian Howard,40,55000,Male,Finance,Director,4/5/2018,B,,512-962-9273
 Andre Rivera,30,50000,Male,Finance,Manager,4/5/2018,C,,364-174-7401
 Johnny Lee,36,55000,Female,Marketing,Clerk,2/20/2020,C, johnny lee252@example.com,171-305-9792
 Jason Burton,50,70000,Other,Sales,Director,12/1/2019,B, jason burton991@example.com,379-698-2073
 Michele Barry,25,70000,Other,IT,Analyst,12/1/2019,C, michele barry823@example.com,466-498-9851
 Jodi Jordan,25,55000,Male,HR,Assistant,4/5/2018,A, jodi jordan241@example.com,194-726-5505
 Melissa Douglas,40,60260,Male,HR,Director,2/20/2020,C, melissa douglas443@example.com,554-239-9063
 Brianna Powell,36,50000,Male,Sales,Assistant,12/1/2019,C, brianna powell704@example.com,576-969-5971
 Bruce Gutierrez,35,55000,Female,Marketing,Analyst,2/20/2020,B, bruce gutierrez428@example.com,234-040-9026
 Amber West,36,55000,Female,Marketing,Clerk,2/20/2020,A, amber west675@example.com,647-890-2030
 Johnny Mcclain,25,55000,Male,Sales,Clerk,4/5/2018,D, johnny mcclain768@example.com,495-025-7249
 Christine Hays,25,60000,Other,Marketing,Analyst,4/5/2018,D, christine hays606@example.com,960-368-8663
 Katherine Ortega,50,70000,Other,HR,Assistant,1/15/2020,F, katherine ortega446@example.com,897-318-3726
 Gerald Davis,36,60260,Female,HR,Director,12/1/2019,C, gerald davis327@example.com,754-580-4078
 Patricia Mitchell,36,65000,Female,IT,Analyst,12/1/2019,C, patricia mitchell869@example.com,371-900-3880
 Dr. Jennifer Bruce DDS,25,60260,Male,Sales,Manager,12/1/2019,A, dr. jennifer bruce dds305@example.com,184-348-5896
 David Delgado,35,65000,Other,Finance,Assistant,3/25/2019,D, david delgado367@example.com,612-859-0042
 Monique Simmons,40,60000,Male,Finance,Clerk,2/20/2020,F, monique simmons602@example.com,861-479-8865
 Jeffrey Harding,40,55000,Female,IT,Analyst,4/5/2018,A, jeffrey harding428@example.com,969-480-6281
 Joseph Griffith,36,60000,Other,IT,Clerk,12/1/2019,C, joseph griffith638@example.com,549-954-3130
 Michael Estes,40,60000,Other,Marketing,Assistant,1/15/2020,D, michael estes307@example.com,986-716-9354
 Nancy Torres,25,50000,Female,IT,Clerk,12/1/2019,F,,
 Brad Jones,25,70000,Male,IT,Analyst,2/20/2020,B, brad jones826@example.com,
 Valerie Morales,36,65000,Male,Finance,Assistant,2/20/2020,D, valerie morales281@example.com,
 Renee Conrad,36,55000,Other,Marketing,Manager,4/5/2018,F, renee conrad424@example.com,
 Tyler Price,50,65000,Female,IT,Analyst,3/25/2019,A, tyler price424@example.com,442-654-9475
 John Floyd,36,60260,Other,IT,Director,4/5/2018,B, john floyd260@example.com,663-550-1440
 Dana Lowe,35,65000,Female,Marketing,Analyst,12/1/2019,F, dana lowe108@example.com,941-859-2719
 Gary Walker,40,60260,Male,Sales,Assistant,1/15/2020,F, gary walker426@example.com,871-087-5810
 Debra Church,36,70000,Female,Marketing,Analyst,4/5/2018,C, debra church540@example.com,867-315-9702
 Rachel Davis,30,60260,Male,Finance,Manager,3/25/2019,D, rachel davis605@example.com,483-858-2109
 Emily Lewis,50,65000,Female,Sales,Manager,4/5/2018,C, emily lewis689@example.com,736-638-7835
 Jason Atkinson,30,65000,Other,HR,Director,2/20/2020,B, jason atkinson959@example.com,646-682-9011
 April Perez,25,60260,Male,Marketing,Clerk,12/1/2019,F, april perez795@example.com,929-126-6157
 Thomas Solomon,40,60000,Other,Finance,Assistant,12/1/2019,C, thomas solomon597@example.com,990-082-2322
 Edward Yang,36,70000,Other,Sales,Assistant,12/1/2019,D, edward yang758@example.com,334-676-8394
 Shawn Lindsey,30,50000,Male,Marketing,Clerk,12/1/2019,B, shawn lindsey865@example.com,338-972-7516
 Dr. Lisa Lopez,40,55000,Male,IT,Manager,12/1/2019,A, dr. lisa lopez160@example.com,152-684-1463
 Jesse Terry,25,65000,Other,Marketing,Manager,12/1/2019,C, jesse terry823@example.com,163-067-8806
 Michael Sanchez,35,55000,Other,HR,Analyst,1/15/2020,B, michael sanchez212@example.com,678-506-2334
 Dr. Terry Moss,50,50000,Other,Marketing,Director,3/25/2019,A, dr. terry moss429@example.com,900-785-1119
 Matthew Lewis,40,55000,Other,Sales,Director,12/1/2019,C, matthew lewis886@example.com,422-071-9224
 Jonathan Lawson,40,50000,Male,Sales,Director,3/25/2019,B, jonathan lawson710@example.com,210-854-8102
 Douglas Bowman,35,60260,Male,Marketing,Analyst,12/1/2019,B, douglas bowman961@example.com,585-655-9498
 Devon Scott,40,60000,Other,Sales,Director,4/5/2018,C, devon scott337@example.com,181-041-1189
 Christopher Wang,25,65000,Female,IT,Clerk,12/1/2019,B, christopher wang174@example.com,382-412-3730
 George Williams,25,50000,Female,Marketing,Analyst,2/20/2020,F, george williams512@example.com,606-155-4843
 James Martinez,35,55000,Male,IT,Clerk,1/15/2020,C,,786-330-8752
 Jill Ingram,50,65000,Other,IT,Analyst,4/5/2018,B,,109-423-1738
 Rachel Welch,36,60000,Other,Finance,Director,4/5/2018,A,,320-624-1329
 Stephanie Benson,30,60260,Male,Marketing,Clerk,2/20/2020,A,,668-427-3002
 Miss Bonnie Delgado DDS,36,65000,Female,Sales,Clerk,12/1/2019,F,,957-207-8673
 Dawn Butler,40,50000,Female,IT,Clerk,1/15/2020,C,,168-231-7000
 Barry Norman,30,60000,Female,Finance,Analyst,4/5/2018,B,,773-486-0428
 Frederick Hansen,35,55000,Male,Marketing,Assistant,1/15/2020,B, frederick hansen112@example.com,425-814-9583
 Shawn May,35,60000,Female,Marketing,Director,4/5/2018,A, shawn may143@example.com,413-130-3666
 Kenneth Nicholson,50,60000,Male,HR,Clerk,12/1/2019,F, kenneth nicholson316@example.com,287-077-8026
 Albert Allen,30,70000,Male,HR,Assistant,4/5/2018,A, albert allen316@example.com,583-910-8468
 William Parker,25,60000,Other,IT,Director,4/5/2018,A, william parker300@example.com,675-865-8541
 Heidi Murray,30,60000,Female,HR,Director,3/25/2019,F, heidi murray248@example.com,725-106-6471
 Joseph Christensen,40,65000,Male,IT,Clerk,12/1/2019,C, joseph christensen387@example.com,463-893-2410
 Justin Boyd,25,55000,Female,Sales,Clerk,2/20/2020,B, justin boyd505@example.com,855-123-4382
 Michael Morgan,35,65000,Female,IT,Analyst,2/20/2020,C, michael morgan110@example.com,980-260-9328
 Richard Ward,30,65000,Other,HR,Assistant,12/1/2019,D, richard ward973@example.com,103-355-8125
 Jason Hendricks,36,50000,Female,Sales,Assistant,2/20/2020,D, jason hendricks135@example.com,762-873-4373
 Richard Miller,50,65000,Other,HR,Clerk,12/1/2019,D, richard miller789@example.com,
 David Anderson,36,70000,Male,IT,Director,2/20/2020,F, david anderson297@example.com,645-056-8495
 Colleen Thomas,50,70000,Female,Finance,Clerk,3/25/2019,A, colleen thomas449@example.com,226-714-5816
 Michael Jones,40,50000,Male,Marketing,Director,2/20/2020,C, michael jones996@example.com,985-078-0028
 Tiffany Rogers,36,60260,Female,HR,Director,4/5/2018,B, tiffany rogers958@example.com,829-511-5291
 Jeffrey Wade,30,55000,Male,IT,Clerk,12/1/2019,D, jeffrey wade831@example.com,832-688-3533
 Bruce Gray,30,55000,Female,Sales,Manager,1/15/2020,C, bruce gray994@example.com,
 Dustin Doyle,36,65000,Female,HR,Assistant,1/15/2020,D, dustin doyle810@example.com,
 Matthew Phillips,30,65000,Female,HR,Director,12/1/2019,D, matthew phillips927@example.com,
 Jordan Carr,40,60260,Female,Marketing,Director,3/25/2019,B, jordan carr767@example.com,196-942-0699
 Nicole Campos,25,65000,Female,IT,Manager,2/20/2020,F, nicole campos547@example.com,975-112-8602
 Brian Curtis,40,55000,Female,Finance,Analyst,3/25/2019,A, brian curtis247@example.com,667-363-5006
 Autumn Garrett,50,60000,Female,Sales,Manager,1/15/2020,F, autumn garrett384@example.com,615-300-9951
 Tanner Williams,40,70000,Female,IT,Manager,12/1/2019,C,,243-414-7940
 Jose Aguilar,50,60000,Female,Sales,Director,12/1/2019,F,,162-497-0517
Jordan Phillips,30,60000,Male,HR,Assistant,3/25/2019,C,jordan phillips574@example.com,464-542-3140
Tommy Williams,25,55000,Other,Marketing,Manager,3/25/2019,C,tommy williams137@example.com,244-945-0788
Antonio Lassalle,30,60000,Female,Marketing,Analyst,2/20/2020,A,antonio lassalle304@example.com,735-074-6723
Brag Garret,35,60260,Other,Finance,Clerk,4/5/2018,B,brag garret275@example.com,438-021-1273
Chris Gonzales,30,50000,Female,Marketing,Manager,4/5/2018,A,,662-193-5213
Brandon Bera,50,65000,Female,HR,Manager,2/20/2020,F,brandon bera426@example.com,156-072-5717
Jack Woods,30,50000,Male,Finance,Analyst,4/5/2018,C,jack woods867@example.com,451-130-1722
Hannah Montana,30,70000,Male,IT,Assistant,1/15/2020,D,hannah montana597@example.com,899-676-0734
Bob Burkart,25,65000,Other,Marketing,Manager,4/5/2018,D,bob burkart464@example.com,680-801-6699
Ivy Leage,30,60000,Male,Finance,Manager,2/20/2020,C,ivy leage727@example.com,805-529-7799
